1,0
2,0
3,0
4,0
5,0
6,0
7,0
8,0
9,0
10,0
11,0
12,0
13,0
14,0
15,0
16,0
17,0
18,0
19,0
20,0
21,0
22,0
23,0
24,0
25,0
26,0
27,0
28,0
29,0
30,0
31,0
32,0
33,0
34,0
35,0
36,0
37,0
38,0
39,0
40,0
41,0
42,0
43,0
44,0
45,0
46,0
47,0
48,0
49,0
50,0
51,0
52,0
53,0
54,0
55,0
56,0
57,0
58,0
59,0
60,0
61,0
62,0
63,0
64,0
65,0
66,0
67,0
68,0
69,0
70,0
71,0
72,0
73,0
74,0
75,0
76,0
77,0
78,0
79,0
80,0
81,0
82,0
83,0
84,0
85,0
86,0
87,0
88,0
89,0
90,0
91,0
92,0
93,0
94,0
95,0
96,0
97,0
98,0
99,0
100,0
101,0
102,0
103,0
104,0
105,0
106,0
107,0
108,0
109,0
110,0
111,0
112,0
113,0
114,0
115,0
116,0
117,0
118,0
119,0
120,0
121,0
122,0
123,0
124,0
125,0
126,0
127,0
128,0
129,0
130,0
131,0
132,0
133,0
134,0
135,0
136,0
137,0
138,0
139,0
140,0
141,0
142,0
143,0
144,0
145,0
146,0
147,0
148,0
149,0
150,0
151,0
152,0
153,0
154,0
155,0
156,0
157,0
158,0
159,0
160,0
161,0
162,0
163,0
164,0
165,0
166,0
167,0
168,0
169,0
170,0
171,0
172,0
173,0
174,0
175,0
176,0
177,0
178,0
179,0
180,0
181,0
182,0
183,0
184,0
185,0
186,0
187,0
188,0
189,0
190,0
191,0
192,0
193,0
194,0
195,0
196,0
197,0
198,0
199,0
200,0
201,0
202,0
203,0
204,0
205,0
206,0
207,0
208,0
209,0
210,0
211,0
212,0
213,0
214,0
215,0
216,0
217,0
218,0
219,0
220,0
221,0
222,0
223,0
224,0
225,0
226,0
227,0
228,0
229,0
230,0
231,0
232,0
233,0
234,0
235,0
236,0
237,0
238,0
239,0
240,0
241,0
242,0
243,0
244,0
245,0
246,0
247,0
248,0
249,0
250,0
251,0
252,0
253,0
254,0
255,0
256,0
257,16383
258,16383
259,16383
260,16383
261,16383
262,16383
263,16383
264,16383
265,16383
266,16383
267,16383
268,16383
269,16383
270,16383
271,16383
272,16383
273,16383
274,16383
275,16383
276,16383
277,16383
278,16383
279,16383
280,16383
281,16383
282,16383
283,16383
284,16383
285,16383
286,16383
287,16383
288,16383
289,16383
290,16383
291,16383
292,16383
293,16383
294,16383
295,16383
296,16383
297,16383
298,16383
299,16383
300,16383
301,16383
302,16383
303,16383
304,16383
305,16383
306,16383
307,16383
308,16383
309,16383
310,16383
311,16383
312,16383
313,16383
314,16383
315,16383
316,16383
317,16383
318,16383
319,16383
320,16383
321,16383
322,16383
323,16383
324,16383
325,16383
326,16383
327,16383
328,16383
329,16383
330,16383
331,16383
332,16383
333,16383
334,16383
335,16383
336,16383
337,16383
338,16383
339,16383
340,16383
341,16383
342,16383
343,16383
344,16383
345,16383
346,16383
347,16383
348,16383
349,16383
350,16383
351,16383
352,16383
353,16383
354,16383
355,16383
356,16383
357,16383
358,16383
359,16383
360,16383
361,16383
362,16383
363,16383
364,16383
365,16383
366,16383
367,16383
368,16383
369,16383
370,16383
371,16383
372,16383
373,16383
374,16383
375,16383
376,16383
377,16383
378,16383
379,16383
380,16383
381,16383
382,16383
383,16383
384,16383
385,16383
386,16383
387,16383
388,16383
389,16383
390,16383
391,16383
392,16383
393,16383
394,16383
395,16383
396,16383
397,16383
398,16383
399,16383
400,16383
401,16383
402,16383
403,16383
404,16383
405,16383
406,16383
407,16383
408,16383
409,16383
410,16383
411,16383
412,16383
413,16383
414,16383
415,16383
416,16383
417,16383
418,16383
419,16383
420,16383
421,16383
422,16383
423,16383
424,16383
425,16383
426,16383
427,16383
428,16383
429,16383
430,16383
431,16383
432,16383
433,16383
434,16383
435,16383
436,16383
437,16383
438,16383
439,16383
440,16383
441,16383
442,16383
443,16383
444,16383
445,16383
446,16383
447,16383
448,16383
449,16383
450,16383
451,16383
452,16383
453,16383
454,16383
455,16383
456,16383
457,16383
458,16383
459,16383
460,16383
461,16383
462,16383
463,16383
464,16383
465,16383
466,16383
467,16383
468,16383
469,16383
470,16383
471,16383
472,16383
473,16383
474,16383
475,16383
476,16383
477,16383
478,16383
479,16383
480,16383
481,16383
482,16383
483,16383
484,16383
485,16383
486,16383
487,16383
488,16383
489,16383
490,16383
491,16383
492,16383
493,16383
494,16383
495,16383
496,16383
497,16383
498,16383
499,16383
500,16383
501,16383
502,16383
503,16383
504,16383
505,16383
506,16383
507,16383
508,16383
509,16383
510,16383
511,16383
512,16383
513,16383
514,16383
515,16383
516,16383
517,16383
518,16383
519,16383
520,16383
521,16383
522,16383
523,16383
524,16383
525,16383
526,16383
527,16383
528,16383
529,16383
530,16383
531,16383
532,16383
533,16383
534,16383
535,16383
536,16383
537,16383
538,16383
539,16383
540,16383
541,16383
542,16383
543,16383
544,16383
545,16383
546,16383
547,16383
548,16383
549,16383
550,16383
551,16383
552,16383
553,16383
554,16383
555,16383
556,16383
557,16383
558,16383
559,16383
560,16383
561,16383
562,16383
563,16383
564,16383
565,16383
566,16383
567,16383
568,16383
569,16383
570,16383
571,16383
572,16383
573,16383
574,16383
575,16383
576,16383
577,16383
578,16383
579,16383
580,16383
581,16383
582,16383
583,16383
584,16383
585,16383
586,16383
587,16383
588,16383
589,16383
590,16383
591,16383
592,16383
593,16383
594,16383
595,16383
596,16383
597,16383
598,16383
599,16383
600,16383
601,16383
602,16383
603,16383
604,16383
605,16383
606,16383
607,16383
608,16383
609,16383
610,16383
611,16383
612,16383
613,16383
614,16383
615,16383
616,16383
617,16383
618,16383
619,16383
620,16383
621,16383
622,16383
623,16383
624,16383
625,16383
626,16383
627,16383
628,16383
629,16383
630,16383
631,16383
632,16383
633,16383
634,16383
635,16383
636,16383
637,16383
638,16383
639,16383
640,16383
641,16383
642,16383
643,16383
644,16383
645,16383
646,16383
647,16383
648,16383
649,16383
650,16383
651,16383
652,16383
653,16383
654,16383
655,16383
656,16383
657,16383
658,16383
659,16383
660,16383
661,16383
662,16383
663,16383
664,16383
665,16383
666,16383
667,16383
668,16383
669,16383
670,16383
671,16383
672,16383
673,16383
674,16383
675,16383
676,16383
677,16383
678,16383
679,16383
680,16383
681,16383
682,16383
683,16383
684,16383
685,16383
686,16383
687,16383
688,16383
689,16383
690,16383
691,16383
692,16383
693,16383
694,16383
695,16383
696,16383
697,16383
698,16383
699,16383
700,16383
701,16383
702,16383
703,16383
704,16383
705,16383
706,16383
707,16383
708,16383
709,16383
710,16383
711,16383
712,16383
713,16383
714,16383
715,16383
716,16383
717,16383
718,16383
719,16383
720,16383
721,16383
722,16383
723,16383
724,16383
725,16383
726,16383
727,16383
728,16383
729,16383
730,16383
731,16383
732,16383
733,16383
734,16383
735,16383
736,16383
737,16383
738,16383
739,16383
740,16383
741,16383
742,16383
743,16383
744,16383
745,16383
746,16383
747,16383
748,16383
749,16383
750,16383
751,16383
752,16383
753,16383
754,16383
755,16383
756,16383
757,16383
758,16383
759,16383
760,16383
761,16383
762,16383
763,16383
764,16383
765,16383
766,16383
767,16383
768,16383
769,16383
770,16383
771,16383
772,16383
773,16383
774,16383
775,16383
776,16383
777,16383
778,16383
779,16383
780,16383
781,16383
782,16383
783,16383
784,16383
785,16383
786,16383
787,16383
788,16383
789,16383
790,16383
791,16383
792,16383
793,16383
794,16383
795,16383
796,16383
797,16383
798,16383
799,16383
800,16383
801,16383
802,16383
803,16383
804,16383
805,16383
806,16383
807,16383
808,16383
809,16383
810,16383
811,16383
812,16383
813,16383
814,16383
815,16383
816,16383
817,16383
818,16383
819,16383
820,16383
821,16383
822,16383
823,16383
824,16383
825,16383
826,16383
827,16383
828,16383
829,16383
830,16383
831,16383
832,16383
833,16383
834,16383
835,16383
836,16383
837,16383
838,16383
839,16383
840,16383
841,16383
842,16383
843,16383
844,16383
845,16383
846,16383
847,16383
848,16383
849,16383
850,16383
851,16383
852,16383
853,16383
854,16383
855,16383
856,16383
857,16383
858,16383
859,16383
860,16383
861,16383
862,16383
863,16383
864,16383
865,16383
866,16383
867,16383
868,16383
869,16383
870,16383
871,16383
872,16383
873,16383
874,16383
875,16383
876,16383
877,16383
878,16383
879,16383
880,16383
881,16383
882,16383
883,16383
884,16383
885,16383
886,16383
887,16383
888,16383
889,16383
890,16383
891,16383
892,16383
893,16383
894,16383
895,16383
896,16383
897,16383
898,16383
899,16383
900,16383
901,16383
902,16383
903,16383
904,16383
905,16383
906,16383
907,16383
908,16383
909,16383
910,16383
911,16383
912,16383
913,16383
914,16383
915,16383
916,16383
917,16383
918,16383
919,16383
920,16383
921,16383
922,16383
923,16383
924,16383
925,16383
926,16383
927,16383
928,16383
929,16383
930,16383
931,16383
932,16383
933,16383
934,16383
935,16383
936,16383
937,16383
938,16383
939,16383
940,16383
941,16383
942,16383
943,16383
944,16383
945,16383
946,16383
947,16383
948,16383
949,16383
950,16383
951,16383
952,16383
953,16383
954,16383
955,16383
956,16383
957,16383
958,16383
959,16383
960,16383
961,16383
962,16383
963,16383
964,16383
965,16383
966,16383
967,16383
968,16383
969,16383
970,16383
971,16383
972,16383
973,16383
974,16383
975,16383
976,16383
977,16383
978,16383
979,16383
980,16383
981,16383
982,16383
983,16383
984,16383
985,16383
986,16383
987,16383
988,16383
989,16383
990,16383
991,16383
992,16383
993,16383
994,16383
995,16383
996,16383
997,16383
998,16383
999,16383
1000,16383
1001,16383
1002,16383
1003,16383
1004,16383
1005,16383
1006,16383
1007,16383
1008,16383
1009,16383
1010,16383
1011,16383
1012,16383
1013,16383
1014,16383
1015,16383
1016,16383
1017,16383
1018,16383
1019,16383
1020,16383
1021,16383
1022,16383
1023,16383
1024,16383
1025,16383
1026,16383
1027,16383
1028,16383
1029,16383
1030,16383
1031,16383
1032,16383
1033,16383
1034,16383
1035,16383
1036,16383
1037,16383
1038,16383
1039,16383
1040,16383
1041,16383
1042,16383
1043,16383
1044,16383
1045,16383
1046,16383
1047,16383
1048,16383
1049,16383
1050,16383
1051,16383
1052,16383
1053,16383
1054,16383
1055,16383
1056,16383
1057,16383
1058,16383
1059,16383
1060,16383
1061,16383
1062,16383
1063,16383
1064,16383
1065,16383
1066,16383
1067,16383
1068,16383
1069,16383
1070,16383
1071,16383
1072,16383
1073,16383
1074,16383
1075,16383
1076,16383
1077,16383
1078,16383
1079,16383
1080,16383
1081,16383
1082,16383
1083,16383
1084,16383
1085,16383
1086,16383
1087,16383
1088,16383
1089,16383
1090,16383
1091,16383
1092,16383
1093,16383
1094,16383
1095,16383
1096,16383
1097,16383
1098,16383
1099,16383
1100,16383
1101,16383
1102,16383
1103,16383
1104,16383
1105,16383
1106,16383
1107,16383
1108,16383
1109,16383
1110,16383
1111,16383
1112,16383
1113,16383
1114,16383
1115,16383
1116,16383
1117,16383
1118,16383
1119,16383
1120,16383
1121,16383
1122,16383
1123,16383
1124,16383
1125,16383
1126,16383
1127,16383
1128,16383
1129,16383
1130,16383
1131,16383
1132,16383
1133,16383
1134,16383
1135,16383
1136,16383
1137,16383
1138,16383
1139,16383
1140,16383
1141,16383
1142,16383
1143,16383
1144,16383
1145,16383
1146,16383
1147,16383
1148,16383
1149,16383
1150,16383
1151,16383
1152,16383
1153,16383
1154,16383
1155,16383
1156,16383
1157,16383
1158,16383
1159,16383
1160,16383
1161,16383
1162,16383
1163,16383
1164,16383
1165,16383
1166,16383
1167,16383
1168,16383
1169,16383
1170,16383
1171,16383
1172,16383
1173,16383
1174,16383
1175,16383
1176,16383
1177,16383
1178,16383
1179,16383
1180,16383
1181,16383
1182,16383
1183,16383
1184,16383
1185,16383
1186,16383
1187,16383
1188,16383
1189,16383
1190,16383
1191,16383
1192,16383
1193,16383
1194,16383
1195,16383
1196,16383
1197,16383
1198,16383
1199,16383
1200,16383
1201,16383
1202,16383
1203,16383
1204,16383
1205,16383
1206,16383
1207,16383
1208,16383
1209,16383
1210,16383
1211,16383
1212,16383
1213,16383
1214,16383
1215,16383
1216,16383
1217,16383
1218,16383
1219,16383
1220,16383
1221,16383
1222,16383
1223,16383
1224,16383
1225,16383
1226,16383
1227,16383
1228,16383
1229,16383
1230,16383
1231,16383
1232,16383
1233,16383
1234,16383
1235,16383
1236,16383
1237,16383
1238,16383
1239,16383
1240,16383
1241,16383
1242,16383
1243,16383
1244,16383
1245,16383
1246,16383
1247,16383
1248,16383
1249,16383
1250,16383
1251,16383
1252,16383
1253,16383
1254,16383
1255,16383
1256,16383
1257,16383
1258,16383
1259,16383
1260,16383
1261,16383
1262,16383
1263,16383
1264,16383
1265,16383
1266,16383
1267,16383
1268,16383
1269,16383
1270,16383
1271,16383
1272,16383
1273,16383
1274,16383
1275,16383
1276,16383
1277,16383
1278,16383
1279,16383
1280,16383
1281,0
1282,0
1283,0
1284,0
1285,0
1286,0
1287,0
1288,0
1289,0
1290,0
1291,0
1292,0
1293,0
1294,0
1295,0
1296,0
1297,0
1298,0
1299,0
1300,0
1301,0
1302,0
1303,0
1304,0
1305,0
1306,0
1307,0
1308,0
1309,0
1310,0
1311,0
1312,0
1313,0
1314,0
1315,0
1316,0
1317,0
1318,0
1319,0
1320,0
1321,0
1322,0
1323,0
1324,0
1325,0
1326,0
1327,0
1328,0
1329,0
1330,0
1331,0
1332,0
1333,0
1334,0
1335,0
1336,0
1337,0
1338,0
1339,0
1340,0
1341,0
1342,0
1343,0
1344,0
1345,0
1346,0
1347,0
1348,0
1349,0
1350,0
1351,0
1352,0
1353,0
1354,0
1355,0
1356,0
1357,0
1358,0
1359,0
1360,0
1361,0
1362,0
1363,0
1364,0
1365,0
1366,0
1367,0
1368,0
1369,0
1370,0
1371,0
1372,0
1373,0
1374,0
1375,0
1376,0
1377,0
1378,0
1379,0
1380,0
1381,0
1382,0
1383,0
1384,0
1385,0
1386,0
1387,0
1388,0
1389,0
1390,0
1391,0
1392,0
1393,0
1394,0
1395,0
1396,0
1397,0
1398,0
1399,0
1400,0
1401,0
1402,0
1403,0
1404,0
1405,0
1406,0
1407,0
1408,0
1409,0
1410,0
1411,0
1412,0
1413,0
1414,0
1415,0
1416,0
1417,0
1418,0
1419,0
1420,0
1421,0
1422,0
1423,0
1424,0
1425,0
1426,0
1427,0
1428,0
1429,0
1430,0
1431,0
1432,0
1433,0
1434,0
1435,0
1436,0
1437,0
1438,0
1439,0
1440,0
1441,0
1442,0
1443,0
1444,0
1445,0
1446,0
1447,0
1448,0
1449,0
1450,0
1451,0
1452,0
1453,0
1454,0
1455,0
1456,0
1457,0
1458,0
1459,0
1460,0
1461,0
1462,0
1463,0
1464,0
1465,0
1466,0
1467,0
1468,0
1469,0
1470,0
1471,0
1472,0
1473,0
1474,0
1475,0
1476,0
1477,0
1478,0
1479,0
1480,0
1481,0
1482,0
1483,0
1484,0
1485,0
1486,0
1487,0
1488,0
1489,0
1490,0
1491,0
1492,0
1493,0
1494,0
1495,0
1496,0
1497,0
1498,0
1499,0
1500,0
1501,0
1502,0
1503,0
1504,0
1505,0
1506,0
1507,0
1508,0
1509,0
1510,0
1511,0
1512,0
1513,0
1514,0
1515,0
1516,0
1517,0
1518,0
1519,0
1520,0
1521,0
1522,0
1523,0
1524,0
1525,0
1526,0
1527,0
1528,0
1529,0
1530,0
1531,0
1532,0
1533,0
1534,0
1535,0
1536,0
1537,0
1538,0
1539,0
1540,0
1541,0
1542,0
1543,0
1544,0
1545,0
1546,0
1547,0
1548,0
1549,0
1550,0
1551,0
1552,0
1553,0
1554,0
1555,0
1556,0
1557,0
1558,0
1559,0
1560,0
1561,0
1562,0
1563,0
1564,0
1565,0
1566,0
1567,0
1568,0
1569,0
1570,0
1571,0
1572,0
1573,0
1574,0
1575,0
1576,0
1577,0
1578,0
1579,0
1580,0
1581,0
1582,0
1583,0
1584,0
1585,0
1586,0
1587,0
1588,0
1589,0
1590,0
1591,0
1592,0
1593,0
1594,0
1595,0
1596,0
1597,0
1598,0
1599,0
1600,0
1601,0
1602,0
1603,0
1604,0
1605,0
1606,0
1607,0
1608,0
1609,0
1610,0
1611,0
1612,0
1613,0
1614,0
1615,0
1616,0
1617,0
1618,0
1619,0
1620,0
1621,0
1622,0
1623,0
1624,0
1625,0
1626,0
1627,0
1628,0
1629,0
1630,0
1631,0
1632,0
1633,0
1634,0
1635,0
1636,0
1637,0
1638,0
1639,0
1640,0
1641,0
1642,0
1643,0
1644,0
1645,0
1646,0
1647,0
1648,0
1649,0
1650,0
1651,0
1652,0
1653,0
1654,0
1655,0
1656,0
1657,0
1658,0
1659,0
1660,0
1661,0
1662,0
1663,0
1664,0
1665,0
1666,0
1667,0
1668,0
1669,0
1670,0
1671,0
1672,0
1673,0
1674,0
1675,0
1676,0
1677,0
1678,0
1679,0
1680,0
1681,0
1682,0
1683,0
1684,0
1685,0
1686,0
1687,0
1688,0
1689,0
1690,0
1691,0
1692,0
1693,0
1694,0
1695,0
1696,0
1697,0
1698,0
1699,0
1700,0
1701,0
1702,0
1703,0
1704,0
1705,0
1706,0
1707,0
1708,0
1709,0
1710,0
1711,0
1712,0
1713,0
1714,0
1715,0
1716,0
1717,0
1718,0
1719,0
1720,0
1721,0
1722,0
1723,0
1724,0
1725,0
1726,0
1727,0
1728,0
1729,0
1730,0
1731,0
1732,0
1733,0
1734,0
1735,0
1736,0
1737,0
1738,0
1739,0
1740,0
1741,0
1742,0
1743,0
1744,0
1745,0
1746,0
1747,0
1748,0
1749,0
1750,0
1751,0
1752,0
1753,0
1754,0
1755,0
1756,0
1757,0
1758,0
1759,0
1760,0
1761,0
1762,0
1763,0
1764,0
1765,0
1766,0
1767,0
1768,0
1769,0
1770,0
1771,0
1772,0
1773,0
1774,0
1775,0
1776,0
1777,0
1778,0
1779,0
1780,0
1781,0
1782,0
1783,0
1784,0
1785,0
1786,0
1787,0
1788,0
1789,0
1790,0
1791,0
1792,0
1793,16383
1794,16383
1795,16383
1796,16383
1797,16383
1798,16383
1799,16383
1800,16383
1801,16383
1802,16383
1803,16383
1804,16383
1805,16383
1806,16383
1807,16383
1808,16383
1809,16383
1810,16383
1811,16383
1812,16383
1813,16383
1814,16383
1815,16383
1816,16383
1817,16383
1818,16383
1819,16383
1820,16383
1821,16383
1822,16383
1823,16383
1824,16383
1825,16383
1826,16383
1827,16383
1828,16383
1829,16383
1830,16383
1831,16383
1832,16383
1833,16383
1834,16383
1835,16383
1836,16383
1837,16383
1838,16383
1839,16383
1840,16383
1841,16383
1842,16383
1843,16383
1844,16383
1845,16383
1846,16383
1847,16383
1848,16383
1849,16383
1850,16383
1851,16383
1852,16383
1853,16383
1854,16383
1855,16383
1856,16383
1857,16383
1858,16383
1859,16383
1860,16383
1861,16383
1862,16383
1863,16383
1864,16383
1865,16383
1866,16383
1867,16383
1868,16383
1869,16383
1870,16383
1871,16383
1872,16383
1873,16383
1874,16383
1875,16383
1876,16383
1877,16383
1878,16383
1879,16383
1880,16383
1881,16383
1882,16383
1883,16383
1884,16383
1885,16383
1886,16383
1887,16383
1888,16383
1889,16383
1890,16383
1891,16383
1892,16383
1893,16383
1894,16383
1895,16383
1896,16383
1897,16383
1898,16383
1899,16383
1900,16383
1901,16383
1902,16383
1903,16383
1904,16383
1905,16383
1906,16383
1907,16383
1908,16383
1909,16383
1910,16383
1911,16383
1912,16383
1913,16383
1914,16383
1915,16383
1916,16383
1917,16383
1918,16383
1919,16383
1920,16383
1921,16383
1922,16383
1923,16383
1924,16383
1925,16383
1926,16383
1927,16383
1928,16383
1929,16383
1930,16383
1931,16383
1932,16383
1933,16383
1934,16383
1935,16383
1936,16383
1937,16383
1938,16383
1939,16383
1940,16383
1941,16383
1942,16383
1943,16383
1944,16383
1945,16383
1946,16383
1947,16383
1948,16383
1949,16383
1950,16383
1951,16383
1952,16383
1953,16383
1954,16383
1955,16383
1956,16383
1957,16383
1958,16383
1959,16383
1960,16383
1961,16383
1962,16383
1963,16383
1964,16383
1965,16383
1966,16383
1967,16383
1968,16383
1969,16383
1970,16383
1971,16383
1972,16383
1973,16383
1974,16383
1975,16383
1976,16383
1977,16383
1978,16383
1979,16383
1980,16383
1981,16383
1982,16383
1983,16383
1984,16383
1985,16383
1986,16383
1987,16383
1988,16383
1989,16383
1990,16383
1991,16383
1992,16383
1993,16383
1994,16383
1995,16383
1996,16383
1997,16383
1998,16383
1999,16383
2000,16383
2001,16383
2002,16383
2003,16383
2004,16383
2005,16383
2006,16383
2007,16383
2008,16383
2009,16383
2010,16383
2011,16383
2012,16383
2013,16383
2014,16383
2015,16383
2016,16383
2017,16383
2018,16383
2019,16383
2020,16383
2021,16383
2022,16383
2023,16383
2024,16383
2025,16383
2026,16383
2027,16383
2028,16383
2029,16383
2030,16383
2031,16383
2032,16383
2033,16383
2034,16383
2035,16383
2036,16383
2037,16383
2038,16383
2039,16383
2040,16383
2041,16383
2042,16383
2043,16383
2044,16383
2045,16383
2046,16383
2047,16383
2048,16383
2049,16383
2050,16383
2051,16383
2052,16383
2053,16383
2054,16383
2055,16383
2056,16383
2057,16383
2058,16383
2059,16383
2060,16383
2061,16383
2062,16383
2063,16383
2064,16383
2065,16383
2066,16383
2067,16383
2068,16383
2069,16383
2070,16383
2071,16383
2072,16383
2073,16383
2074,16383
2075,16383
2076,16383
2077,16383
2078,16383
2079,16383
2080,16383
2081,16383
2082,16383
2083,16383
2084,16383
2085,16383
2086,16383
2087,16383
2088,16383
2089,16383
2090,16383
2091,16383
2092,16383
2093,16383
2094,16383
2095,16383
2096,16383
2097,16383
2098,16383
2099,16383
2100,16383
2101,16383
2102,16383
2103,16383
2104,16383
2105,16383
2106,16383
2107,16383
2108,16383
2109,16383
2110,16383
2111,16383
2112,16383
2113,16383
2114,16383
2115,16383
2116,16383
2117,16383
2118,16383
2119,16383
2120,16383
2121,16383
2122,16383
2123,16383
2124,16383
2125,16383
2126,16383
2127,16383
2128,16383
2129,16383
2130,16383
2131,16383
2132,16383
2133,16383
2134,16383
2135,16383
2136,16383
2137,16383
2138,16383
2139,16383
2140,16383
2141,16383
2142,16383
2143,16383
2144,16383
2145,16383
2146,16383
2147,16383
2148,16383
2149,16383
2150,16383
2151,16383
2152,16383
2153,16383
2154,16383
2155,16383
2156,16383
2157,16383
2158,16383
2159,16383
2160,16383
2161,16383
2162,16383
2163,16383
2164,16383
2165,16383
2166,16383
2167,16383
2168,16383
2169,16383
2170,16383
2171,16383
2172,16383
2173,16383
2174,16383
2175,16383
2176,16383
2177,16383
2178,16383
2179,16383
2180,16383
2181,16383
2182,16383
2183,16383
2184,16383
2185,16383
2186,16383
2187,16383
2188,16383
2189,16383
2190,16383
2191,16383
2192,16383
2193,16383
2194,16383
2195,16383
2196,16383
2197,16383
2198,16383
2199,16383
2200,16383
2201,16383
2202,16383
2203,16383
2204,16383
2205,16383
2206,16383
2207,16383
2208,16383
2209,16383
2210,16383
2211,16383
2212,16383
2213,16383
2214,16383
2215,16383
2216,16383
2217,16383
2218,16383
2219,16383
2220,16383
2221,16383
2222,16383
2223,16383
2224,16383
2225,16383
2226,16383
2227,16383
2228,16383
2229,16383
2230,16383
2231,16383
2232,16383
2233,16383
2234,16383
2235,16383
2236,16383
2237,16383
2238,16383
2239,16383
2240,16383
2241,16383
2242,16383
2243,16383
2244,16383
2245,16383
2246,16383
2247,16383
2248,16383
2249,16383
2250,16383
2251,16383
2252,16383
2253,16383
2254,16383
2255,16383
2256,16383
2257,16383
2258,16383
2259,16383
2260,16383
2261,16383
2262,16383
2263,16383
2264,16383
2265,16383
2266,16383
2267,16383
2268,16383
2269,16383
2270,16383
2271,16383
2272,16383
2273,16383
2274,16383
2275,16383
2276,16383
2277,16383
2278,16383
2279,16383
2280,16383
2281,16383
2282,16383
2283,16383
2284,16383
2285,16383
2286,16383
2287,16383
2288,16383
2289,16383
2290,16383
2291,16383
2292,16383
2293,16383
2294,16383
2295,16383
2296,16383
2297,16383
2298,16383
2299,16383
2300,16383
2301,16383
2302,16383
2303,16383
2304,16383
2305,16383
2306,16383
2307,16383
2308,16383
2309,16383
2310,16383
2311,16383
2312,16383
2313,16383
2314,16383
2315,16383
2316,16383
2317,16383
2318,16383
2319,16383
2320,16383
2321,16383
2322,16383
2323,16383
2324,16383
2325,16383
2326,16383
2327,16383
2328,16383
2329,16383
2330,16383
2331,16383
2332,16383
2333,16383
2334,16383
2335,16383
2336,16383
2337,16383
2338,16383
2339,16383
2340,16383
2341,16383
2342,16383
2343,16383
2344,16383
2345,16383
2346,16383
2347,16383
2348,16383
2349,16383
2350,16383
2351,16383
2352,16383
2353,16383
2354,16383
2355,16383
2356,16383
2357,16383
2358,16383
2359,16383
2360,16383
2361,16383
2362,16383
2363,16383
2364,16383
2365,16383
2366,16383
2367,16383
2368,16383
2369,16383
2370,16383
2371,16383
2372,16383
2373,16383
2374,16383
2375,16383
2376,16383
2377,16383
2378,16383
2379,16383
2380,16383
2381,16383
2382,16383
2383,16383
2384,16383
2385,16383
2386,16383
2387,16383
2388,16383
2389,16383
2390,16383
2391,16383
2392,16383
2393,16383
2394,16383
2395,16383
2396,16383
2397,16383
2398,16383
2399,16383
2400,16383
2401,16383
2402,16383
2403,16383
2404,16383
2405,16383
2406,16383
2407,16383
2408,16383
2409,16383
2410,16383
2411,16383
2412,16383
2413,16383
2414,16383
2415,16383
2416,16383
2417,16383
2418,16383
2419,16383
2420,16383
2421,16383
2422,16383
2423,16383
2424,16383
2425,16383
2426,16383
2427,16383
2428,16383
2429,16383
2430,16383
2431,16383
2432,16383
2433,16383
2434,16383
2435,16383
2436,16383
2437,16383
2438,16383
2439,16383
2440,16383
2441,16383
2442,16383
2443,16383
2444,16383
2445,16383
2446,16383
2447,16383
2448,16383
2449,16383
2450,16383
2451,16383
2452,16383
2453,16383
2454,16383
2455,16383
2456,16383
2457,16383
2458,16383
2459,16383
2460,16383
2461,16383
2462,16383
2463,16383
2464,16383
2465,16383
2466,16383
2467,16383
2468,16383
2469,16383
2470,16383
2471,16383
2472,16383
2473,16383
2474,16383
2475,16383
2476,16383
2477,16383
2478,16383
2479,16383
2480,16383
2481,16383
2482,16383
2483,16383
2484,16383
2485,16383
2486,16383
2487,16383
2488,16383
2489,16383
2490,16383
2491,16383
2492,16383
2493,16383
2494,16383
2495,16383
2496,16383
2497,16383
2498,16383
2499,16383
2500,16383
2501,16383
2502,16383
2503,16383
2504,16383
2505,16383
2506,16383
2507,16383
2508,16383
2509,16383
2510,16383
2511,16383
2512,16383
2513,16383
2514,16383
2515,16383
2516,16383
2517,16383
2518,16383
2519,16383
2520,16383
2521,16383
2522,16383
2523,16383
2524,16383
2525,16383
2526,16383
2527,16383
2528,16383
2529,16383
2530,16383
2531,16383
2532,16383
2533,16383
2534,16383
2535,16383
2536,16383
2537,16383
2538,16383
2539,16383
2540,16383
2541,16383
2542,16383
2543,16383
2544,16383
2545,16383
2546,16383
2547,16383
2548,16383
2549,16383
2550,16383
2551,16383
2552,16383
2553,16383
2554,16383
2555,16383
2556,16383
2557,16383
2558,16383
2559,16383
2560,16383
2561,0
2562,0
2563,0
2564,0
2565,0
2566,0
2567,0
2568,0
2569,0
2570,0
2571,0
2572,0
2573,0
2574,0
2575,0
2576,0
2577,0
2578,0
2579,0
2580,0
2581,0
2582,0
2583,0
2584,0
2585,0
2586,0
2587,0
2588,0
2589,0
2590,0
2591,0
2592,0
2593,0
2594,0
2595,0
2596,0
2597,0
2598,0
2599,0
2600,0
2601,0
2602,0
2603,0
2604,0
2605,0
2606,0
2607,0
2608,0
2609,0
2610,0
2611,0
2612,0
2613,0
2614,0
2615,0
2616,0
2617,0
2618,0
2619,0
2620,0
2621,0
2622,0
2623,0
2624,0
2625,0
2626,0
2627,0
2628,0
2629,0
2630,0
2631,0
2632,0
2633,0
2634,0
2635,0
2636,0
2637,0
2638,0
2639,0
2640,0
2641,0
2642,0
2643,0
2644,0
2645,0
2646,0
2647,0
2648,0
2649,0
2650,0
2651,0
2652,0
2653,0
2654,0
2655,0
2656,0
2657,0
2658,0
2659,0
2660,0
2661,0
2662,0
2663,0
2664,0
2665,0
2666,0
2667,0
2668,0
2669,0
2670,0
2671,0
2672,0
2673,0
2674,0
2675,0
2676,0
2677,0
2678,0
2679,0
2680,0
2681,0
2682,0
2683,0
2684,0
2685,0
2686,0
2687,0
2688,0
2689,0
2690,0
2691,0
2692,0
2693,0
2694,0
2695,0
2696,0
2697,0
2698,0
2699,0
2700,0
2701,0
2702,0
2703,0
2704,0
2705,0
2706,0
2707,0
2708,0
2709,0
2710,0
2711,0
2712,0
2713,0
2714,0
2715,0
2716,0
2717,0
2718,0
2719,0
2720,0
2721,0
2722,0
2723,0
2724,0
2725,0
2726,0
2727,0
2728,0
2729,0
2730,0
2731,0
2732,0
2733,0
2734,0
2735,0
2736,0
2737,0
2738,0
2739,0
2740,0
2741,0
2742,0
2743,0
2744,0
2745,0
2746,0
2747,0
2748,0
2749,0
2750,0
2751,0
2752,0
2753,0
2754,0
2755,0
2756,0
2757,0
2758,0
2759,0
2760,0
2761,0
2762,0
2763,0
2764,0
2765,0
2766,0
2767,0
2768,0
2769,0
2770,0
2771,0
2772,0
2773,0
2774,0
2775,0
2776,0
2777,0
2778,0
2779,0
2780,0
2781,0
2782,0
2783,0
2784,0
2785,0
2786,0
2787,0
2788,0
2789,0
2790,0
2791,0
2792,0
2793,0
2794,0
2795,0
2796,0
2797,0
2798,0
2799,0
2800,0
2801,0
2802,0
2803,0
2804,0
2805,0
2806,0
2807,0
2808,0
2809,0
2810,0
2811,0
2812,0
2813,0
2814,0
2815,0
2816,0
2817,0
2818,0
2819,0
2820,0
2821,0
2822,0
2823,0
2824,0
2825,0
2826,0
2827,0
2828,0
2829,0
2830,0
2831,0
2832,0
2833,0
2834,0
2835,0
2836,0
2837,0
2838,0
2839,0
2840,0
2841,0
2842,0
2843,0
2844,0
2845,0
2846,0
2847,0
2848,0
2849,0
2850,0
2851,0
2852,0
2853,0
2854,0
2855,0
2856,0
2857,0
2858,0
2859,0
2860,0
2861,0
2862,0
2863,0
2864,0
2865,0
2866,0
2867,0
2868,0
2869,0
2870,0
2871,0
2872,0
2873,0
2874,0
2875,0
2876,0
2877,0
2878,0
2879,0
2880,0
2881,0
2882,0
2883,0
2884,0
2885,0
2886,0
2887,0
2888,0
2889,0
2890,0
2891,0
2892,0
2893,0
2894,0
2895,0
2896,0
2897,0
2898,0
2899,0
2900,0
2901,0
2902,0
2903,0
2904,0
2905,0
2906,0
2907,0
2908,0
2909,0
2910,0
2911,0
2912,0
2913,0
2914,0
2915,0
2916,0
2917,0
2918,0
2919,0
2920,0
2921,0
2922,0
2923,0
2924,0
2925,0
2926,0
2927,0
2928,0
2929,0
2930,0
2931,0
2932,0
2933,0
2934,0
2935,0
2936,0
2937,0
2938,0
2939,0
2940,0
2941,0
2942,0
2943,0
2944,0
2945,0
2946,0
2947,0
2948,0
2949,0
2950,0
2951,0
2952,0
2953,0
2954,0
2955,0
2956,0
2957,0
2958,0
2959,0
2960,0
2961,0
2962,0
2963,0
2964,0
2965,0
2966,0
2967,0
2968,0
2969,0
2970,0
2971,0
2972,0
2973,0
2974,0
2975,0
2976,0
2977,0
2978,0
2979,0
2980,0
2981,0
2982,0
2983,0
2984,0
2985,0
2986,0
2987,0
2988,0
2989,0
2990,0
2991,0
2992,0
2993,0
2994,0
2995,0
2996,0
2997,0
2998,0
2999,0
3000,0
3001,0
3002,0
3003,0
3004,0
3005,0
3006,0
3007,0
3008,0
3009,0
3010,0
3011,0
3012,0
3013,0
3014,0
3015,0
3016,0
3017,0
3018,0
3019,0
3020,0
3021,0
3022,0
3023,0
3024,0
3025,0
3026,0
3027,0
3028,0
3029,0
3030,0
3031,0
3032,0
3033,0
3034,0
3035,0
3036,0
3037,0
3038,0
3039,0
3040,0
3041,0
3042,0
3043,0
3044,0
3045,0
3046,0
3047,0
3048,0
3049,0
3050,0
3051,0
3052,0
3053,0
3054,0
3055,0
3056,0
3057,0
3058,0
3059,0
3060,0
3061,0
3062,0
3063,0
3064,0
3065,0
3066,0
3067,0
3068,0
3069,0
3070,0
3071,0
3072,0
3073,16383
3074,16383
3075,16383
3076,16383
3077,16383
3078,16383
3079,16383
3080,16383
3081,16383
3082,16383
3083,16383
3084,16383
3085,16383
3086,16383
3087,16383
3088,16383
3089,16383
3090,16383
3091,16383
3092,16383
3093,16383
3094,16383
3095,16383
3096,16383
3097,16383
3098,16383
3099,16383
3100,16383
3101,16383
3102,16383
3103,16383
3104,16383
3105,16383
3106,16383
3107,16383
3108,16383
3109,16383
3110,16383
3111,16383
3112,16383
3113,16383
3114,16383
3115,16383
3116,16383
3117,16383
3118,16383
3119,16383
3120,16383
3121,16383
3122,16383
3123,16383
3124,16383
3125,16383
3126,16383
3127,16383
3128,16383
3129,16383
3130,16383
3131,16383
3132,16383
3133,16383
3134,16383
3135,16383
3136,16383
3137,16383
3138,16383
3139,16383
3140,16383
3141,16383
3142,16383
3143,16383
3144,16383
3145,16383
3146,16383
3147,16383
3148,16383
3149,16383
3150,16383
3151,16383
3152,16383
3153,16383
3154,16383
3155,16383
3156,16383
3157,16383
3158,16383
3159,16383
3160,16383
3161,16383
3162,16383
3163,16383
3164,16383
3165,16383
3166,16383
3167,16383
3168,16383
3169,16383
3170,16383
3171,16383
3172,16383
3173,16383
3174,16383
3175,16383
3176,16383
3177,16383
3178,16383
3179,16383
3180,16383
3181,16383
3182,16383
3183,16383
3184,16383
3185,16383
3186,16383
3187,16383
3188,16383
3189,16383
3190,16383
3191,16383
3192,16383
3193,16383
3194,16383
3195,16383
3196,16383
3197,16383
3198,16383
3199,16383
3200,16383
3201,16383
3202,16383
3203,16383
3204,16383
3205,16383
3206,16383
3207,16383
3208,16383
3209,16383
3210,16383
3211,16383
3212,16383
3213,16383
3214,16383
3215,16383
3216,16383
3217,16383
3218,16383
3219,16383
3220,16383
3221,16383
3222,16383
3223,16383
3224,16383
3225,16383
3226,16383
3227,16383
3228,16383
3229,16383
3230,16383
3231,16383
3232,16383
3233,16383
3234,16383
3235,16383
3236,16383
3237,16383
3238,16383
3239,16383
3240,16383
3241,16383
3242,16383
3243,16383
3244,16383
3245,16383
3246,16383
3247,16383
3248,16383
3249,16383
3250,16383
3251,16383
3252,16383
3253,16383
3254,16383
3255,16383
3256,16383
3257,16383
3258,16383
3259,16383
3260,16383
3261,16383
3262,16383
3263,16383
3264,16383
3265,16383
3266,16383
3267,16383
3268,16383
3269,16383
3270,16383
3271,16383
3272,16383
3273,16383
3274,16383
3275,16383
3276,16383
3277,16383
3278,16383
3279,16383
3280,16383
3281,16383
3282,16383
3283,16383
3284,16383
3285,16383
3286,16383
3287,16383
3288,16383
3289,16383
3290,16383
3291,16383
3292,16383
3293,16383
3294,16383
3295,16383
3296,16383
3297,16383
3298,16383
3299,16383
3300,16383
3301,16383
3302,16383
3303,16383
3304,16383
3305,16383
3306,16383
3307,16383
3308,16383
3309,16383
3310,16383
3311,16383
3312,16383
3313,16383
3314,16383
3315,16383
3316,16383
3317,16383
3318,16383
3319,16383
3320,16383
3321,16383
3322,16383
3323,16383
3324,16383
3325,16383
3326,16383
3327,16383
3328,16383
3329,0
3330,0
3331,0
3332,0
3333,0
3334,0
3335,0
3336,0
3337,0
3338,0
3339,0
3340,0
3341,0
3342,0
3343,0
3344,0
3345,0
3346,0
3347,0
3348,0
3349,0
3350,0
3351,0
3352,0
3353,0
3354,0
3355,0
3356,0
3357,0
3358,0
3359,0
3360,0
3361,0
3362,0
3363,0
3364,0
3365,0
3366,0
3367,0
3368,0
3369,0
3370,0
3371,0
3372,0
3373,0
3374,0
3375,0
3376,0
3377,0
3378,0
3379,0
3380,0
3381,0
3382,0
3383,0
3384,0
3385,0
3386,0
3387,0
3388,0
3389,0
3390,0
3391,0
3392,0
3393,0
3394,0
3395,0
3396,0
3397,0
3398,0
3399,0
3400,0
3401,0
3402,0
3403,0
3404,0
3405,0
3406,0
3407,0
3408,0
3409,0
3410,0
3411,0
3412,0
3413,0
3414,0
3415,0
3416,0
3417,0
3418,0
3419,0
3420,0
3421,0
3422,0
3423,0
3424,0
3425,0
3426,0
3427,0
3428,0
3429,0
3430,0
3431,0
3432,0
3433,0
3434,0
3435,0
3436,0
3437,0
3438,0
3439,0
3440,0
3441,0
3442,0
3443,0
3444,0
3445,0
3446,0
3447,0
3448,0
3449,0
3450,0
3451,0
3452,0
3453,0
3454,0
3455,0
3456,0
3457,0
3458,0
3459,0
3460,0
3461,0
3462,0
3463,0
3464,0
3465,0
3466,0
3467,0
3468,0
3469,0
3470,0
3471,0
3472,0
3473,0
3474,0
3475,0
3476,0
3477,0
3478,0
3479,0
3480,0
3481,0
3482,0
3483,0
3484,0
3485,0
3486,0
3487,0
3488,0
3489,0
3490,0
3491,0
3492,0
3493,0
3494,0
3495,0
3496,0
3497,0
3498,0
3499,0
3500,0
3501,0
3502,0
3503,0
3504,0
3505,0
3506,0
3507,0
3508,0
3509,0
3510,0
3511,0
3512,0
3513,0
3514,0
3515,0
3516,0
3517,0
3518,0
3519,0
3520,0
3521,0
3522,0
3523,0
3524,0
3525,0
3526,0
3527,0
3528,0
3529,0
3530,0
3531,0
3532,0
3533,0
3534,0
3535,0
3536,0
3537,0
3538,0
3539,0
3540,0
3541,0
3542,0
3543,0
3544,0
3545,0
3546,0
3547,0
3548,0
3549,0
3550,0
3551,0
3552,0
3553,0
3554,0
3555,0
3556,0
3557,0
3558,0
3559,0
3560,0
3561,0
3562,0
3563,0
3564,0
3565,0
3566,0
3567,0
3568,0
3569,0
3570,0
3571,0
3572,0
3573,0
3574,0
3575,0
3576,0
3577,0
3578,0
3579,0
3580,0
3581,0
3582,0
3583,0
3584,0
3585,0
3586,0
3587,0
3588,0
3589,0
3590,0
3591,0
3592,0
3593,0
3594,0
3595,0
3596,0
3597,0
3598,0
3599,0
3600,0
3601,0
3602,0
3603,0
3604,0
3605,0
3606,0
3607,0
3608,0
3609,0
3610,0
3611,0
3612,0
3613,0
3614,0
3615,0
3616,0
3617,0
3618,0
3619,0
3620,0
3621,0
3622,0
3623,0
3624,0
3625,0
3626,0
3627,0
3628,0
3629,0
3630,0
3631,0
3632,0
3633,0
3634,0
3635,0
3636,0
3637,0
3638,0
3639,0
3640,0
3641,0
3642,0
3643,0
3644,0
3645,0
3646,0
3647,0
3648,0
3649,0
3650,0
3651,0
3652,0
3653,0
3654,0
3655,0
3656,0
3657,0
3658,0
3659,0
3660,0
3661,0
3662,0
3663,0
3664,0
3665,0
3666,0
3667,0
3668,0
3669,0
3670,0
3671,0
3672,0
3673,0
3674,0
3675,0
3676,0
3677,0
3678,0
3679,0
3680,0
3681,0
3682,0
3683,0
3684,0
3685,0
3686,0
3687,0
3688,0
3689,0
3690,0
3691,0
3692,0
3693,0
3694,0
3695,0
3696,0
3697,0
3698,0
3699,0
3700,0
3701,0
3702,0
3703,0
3704,0
3705,0
3706,0
3707,0
3708,0
3709,0
3710,0
3711,0
3712,0
3713,0
3714,0
3715,0
3716,0
3717,0
3718,0
3719,0
3720,0
3721,0
3722,0
3723,0
3724,0
3725,0
3726,0
3727,0
3728,0
3729,0
3730,0
3731,0
3732,0
3733,0
3734,0
3735,0
3736,0
3737,0
3738,0
3739,0
3740,0
3741,0
3742,0
3743,0
3744,0
3745,0
3746,0
3747,0
3748,0
3749,0
3750,0
3751,0
3752,0
3753,0
3754,0
3755,0
3756,0
3757,0
3758,0
3759,0
3760,0
3761,0
3762,0
3763,0
3764,0
3765,0
3766,0
3767,0
3768,0
3769,0
3770,0
3771,0
3772,0
3773,0
3774,0
3775,0
3776,0
3777,0
3778,0
3779,0
3780,0
3781,0
3782,0
3783,0
3784,0
3785,0
3786,0
3787,0
3788,0
3789,0
3790,0
3791,0
3792,0
3793,0
3794,0
3795,0
3796,0
3797,0
3798,0
3799,0
3800,0
3801,0
3802,0
3803,0
3804,0
3805,0
3806,0
3807,0
3808,0
3809,0
3810,0
3811,0
3812,0
3813,0
3814,0
3815,0
3816,0
3817,0
3818,0
3819,0
3820,0
3821,0
3822,0
3823,0
3824,0
3825,0
3826,0
3827,0
3828,0
3829,0
3830,0
3831,0
3832,0
3833,0
3834,0
3835,0
3836,0
3837,0
3838,0
3839,0
3840,0
3841,0
3842,0
3843,0
3844,0
3845,0
3846,0
3847,0
3848,0
3849,0
3850,0
3851,0
3852,0
3853,0
3854,0
3855,0
3856,0
3857,0
3858,0
3859,0
3860,0
3861,0
3862,0
3863,0
3864,0
3865,0
3866,0
3867,0
3868,0
3869,0
3870,0
3871,0
3872,0
3873,0
3874,0
3875,0
3876,0
3877,0
3878,0
3879,0
3880,0
3881,0
3882,0
3883,0
3884,0
3885,0
3886,0
3887,0
3888,0
3889,0
3890,0
3891,0
3892,0
3893,0
3894,0
3895,0
3896,0
3897,0
3898,0
3899,0
3900,0
3901,0
3902,0
3903,0
3904,0
3905,0
3906,0
3907,0
3908,0
3909,0
3910,0
3911,0
3912,0
3913,0
3914,0
3915,0
3916,0
3917,0
3918,0
3919,0
3920,0
3921,0
3922,0
3923,0
3924,0
3925,0
3926,0
3927,0
3928,0
3929,0
3930,0
3931,0
3932,0
3933,0
3934,0
3935,0
3936,0
3937,0
3938,0
3939,0
3940,0
3941,0
3942,0
3943,0
3944,0
3945,0
3946,0
3947,0
3948,0
3949,0
3950,0
3951,0
3952,0
3953,0
3954,0
3955,0
3956,0
3957,0
3958,0
3959,0
3960,0
3961,0
3962,0
3963,0
3964,0
3965,0
3966,0
3967,0
3968,0
3969,0
3970,0
3971,0
3972,0
3973,0
3974,0
3975,0
3976,0
3977,0
3978,0
3979,0
3980,0
3981,0
3982,0
3983,0
3984,0
3985,0
3986,0
3987,0
3988,0
3989,0
3990,0
3991,0
3992,0
3993,0
3994,0
3995,0
3996,0
3997,0
3998,0
3999,0
4000,0
4001,0
4002,0
4003,0
4004,0
4005,0
4006,0
4007,0
4008,0
4009,0
4010,0
4011,0
4012,0
4013,0
4014,0
4015,0
4016,0
4017,0
4018,0
4019,0
4020,0
4021,0
4022,0
4023,0
4024,0
4025,0
4026,0
4027,0
4028,0
4029,0
4030,0
4031,0
4032,0
4033,0
4034,0
4035,0
4036,0
4037,0
4038,0
4039,0
4040,0
4041,0
4042,0
4043,0
4044,0
4045,0
4046,0
4047,0
4048,0
4049,0
4050,0
4051,0
4052,0
4053,0
4054,0
4055,0
4056,0
4057,0
4058,0
4059,0
4060,0
4061,0
4062,0
4063,0
4064,0
4065,0
4066,0
4067,0
4068,0
4069,0
4070,0
4071,0
4072,0
4073,0
4074,0
4075,0
4076,0
4077,0
4078,0
4079,0
4080,0
4081,0
4082,0
4083,0
4084,0
4085,0
4086,0
4087,0
4088,0
4089,0
4090,0
4091,0
4092,0
4093,0
4094,0
4095,0
4096,0
4097,0
4098,0
4099,0
4100,0
4101,0
4102,0
4103,0
4104,0
4105,0
4106,0
4107,0
4108,0
4109,0
4110,0
4111,0
4112,0
4113,0
4114,0
4115,0
4116,0
4117,0
4118,0
4119,0
4120,0
4121,0
4122,0
4123,0
4124,0
4125,0
4126,0
4127,0
4128,0
4129,0
4130,0
4131,0
4132,0
4133,0
4134,0
4135,0
4136,0
4137,0
4138,0
4139,0
4140,0
4141,0
4142,0
4143,0
4144,0
4145,0
4146,0
4147,0
4148,0
4149,0
4150,0
4151,0
4152,0
4153,0
4154,0
4155,0
4156,0
4157,0
4158,0
4159,0
4160,0
4161,0
4162,0
4163,0
4164,0
4165,0
4166,0
4167,0
4168,0
4169,0
4170,0
4171,0
4172,0
4173,0
4174,0
4175,0
4176,0
4177,0
4178,0
4179,0
4180,0
4181,0
4182,0
4183,0
4184,0
4185,0
4186,0
4187,0
4188,0
4189,0
4190,0
4191,0
4192,0
4193,0
4194,0
4195,0
4196,0
4197,0
4198,0
4199,0
4200,0
4201,0
4202,0
4203,0
4204,0
4205,0
4206,0
4207,0
4208,0
4209,0
4210,0
4211,0
4212,0
4213,0
4214,0
4215,0
4216,0
4217,0
4218,0
4219,0
4220,0
4221,0
4222,0
4223,0
4224,0
4225,0
4226,0
4227,0
4228,0
4229,0
4230,0
4231,0
4232,0
4233,0
4234,0
4235,0
4236,0
4237,0
4238,0
4239,0
4240,0
4241,0
4242,0
4243,0
4244,0
4245,0
4246,0
4247,0
4248,0
4249,0
4250,0
4251,0
4252,0
4253,0
4254,0
4255,0
4256,0
4257,0
4258,0
4259,0
4260,0
4261,0
4262,0
4263,0
4264,0
4265,0
4266,0
4267,0
4268,0
4269,0
4270,0
4271,0
4272,0
4273,0
4274,0
4275,0
4276,0
4277,0
4278,0
4279,0
4280,0
4281,0
4282,0
4283,0
4284,0
4285,0
4286,0
4287,0
4288,0
4289,0
4290,0
4291,0
4292,0
4293,0
4294,0
4295,0
4296,0
4297,0
4298,0
4299,0
4300,0
4301,0
4302,0
4303,0
4304,0
4305,0
4306,0
4307,0
4308,0
4309,0
4310,0
4311,0
4312,0
4313,0
4314,0
4315,0
4316,0
4317,0
4318,0
4319,0
4320,0
4321,0
4322,0
4323,0
4324,0
4325,0
4326,0
4327,0
4328,0
4329,0
4330,0
4331,0
4332,0
4333,0
4334,0
4335,0
4336,0
4337,0
4338,0
4339,0
4340,0
4341,0
4342,0
4343,0
4344,0
4345,0
4346,0
4347,0
4348,0
4349,0
4350,0
4351,0
4352,0
4353,16383
4354,16383
4355,16383
4356,16383
4357,16383
4358,16383
4359,16383
4360,16383
4361,16383
4362,16383
4363,16383
4364,16383
4365,16383
4366,16383
4367,16383
4368,16383
4369,16383
4370,16383
4371,16383
4372,16383
4373,16383
4374,16383
4375,16383
4376,16383
4377,16383
4378,16383
4379,16383
4380,16383
4381,16383
4382,16383
4383,16383
4384,16383
4385,16383
4386,16383
4387,16383
4388,16383
4389,16383
4390,16383
4391,16383
4392,16383
4393,16383
4394,16383
4395,16383
4396,16383
4397,16383
4398,16383
4399,16383
4400,16383
4401,16383
4402,16383
4403,16383
4404,16383
4405,16383
4406,16383
4407,16383
4408,16383
4409,16383
4410,16383
4411,16383
4412,16383
4413,16383
4414,16383
4415,16383
4416,16383
4417,16383
4418,16383
4419,16383
4420,16383
4421,16383
4422,16383
4423,16383
4424,16383
4425,16383
4426,16383
4427,16383
4428,16383
4429,16383
4430,16383
4431,16383
4432,16383
4433,16383
4434,16383
4435,16383
4436,16383
4437,16383
4438,16383
4439,16383
4440,16383
4441,16383
4442,16383
4443,16383
4444,16383
4445,16383
4446,16383
4447,16383
4448,16383
4449,16383
4450,16383
4451,16383
4452,16383
4453,16383
4454,16383
4455,16383
4456,16383
4457,16383
4458,16383
4459,16383
4460,16383
4461,16383
4462,16383
4463,16383
4464,16383
4465,16383
4466,16383
4467,16383
4468,16383
4469,16383
4470,16383
4471,16383
4472,16383
4473,16383
4474,16383
4475,16383
4476,16383
4477,16383
4478,16383
4479,16383
4480,16383
4481,16383
4482,16383
4483,16383
4484,16383
4485,16383
4486,16383
4487,16383
4488,16383
4489,16383
4490,16383
4491,16383
4492,16383
4493,16383
4494,16383
4495,16383
4496,16383
4497,16383
4498,16383
4499,16383
4500,16383
4501,16383
4502,16383
4503,16383
4504,16383
4505,16383
4506,16383
4507,16383
4508,16383
4509,16383
4510,16383
4511,16383
4512,16383
4513,16383
4514,16383
4515,16383
4516,16383
4517,16383
4518,16383
4519,16383
4520,16383
4521,16383
4522,16383
4523,16383
4524,16383
4525,16383
4526,16383
4527,16383
4528,16383
4529,16383
4530,16383
4531,16383
4532,16383
4533,16383
4534,16383
4535,16383
4536,16383
4537,16383
4538,16383
4539,16383
4540,16383
4541,16383
4542,16383
4543,16383
4544,16383
4545,16383
4546,16383
4547,16383
4548,16383
4549,16383
4550,16383
4551,16383
4552,16383
4553,16383
4554,16383
4555,16383
4556,16383
4557,16383
4558,16383
4559,16383
4560,16383
4561,16383
4562,16383
4563,16383
4564,16383
4565,16383
4566,16383
4567,16383
4568,16383
4569,16383
4570,16383
4571,16383
4572,16383
4573,16383
4574,16383
4575,16383
4576,16383
4577,16383
4578,16383
4579,16383
4580,16383
4581,16383
4582,16383
4583,16383
4584,16383
4585,16383
4586,16383
4587,16383
4588,16383
4589,16383
4590,16383
4591,16383
4592,16383
4593,16383
4594,16383
4595,16383
4596,16383
4597,16383
4598,16383
4599,16383
4600,16383
4601,16383
4602,16383
4603,16383
4604,16383
4605,16383
4606,16383
4607,16383
4608,16383
4609,16383
4610,16383
4611,16383
4612,16383
4613,16383
4614,16383
4615,16383
4616,16383
4617,16383
4618,16383
4619,16383
4620,16383
4621,16383
4622,16383
4623,16383
4624,16383
4625,16383
4626,16383
4627,16383
4628,16383
4629,16383
4630,16383
4631,16383
4632,16383
4633,16383
4634,16383
4635,16383
4636,16383
4637,16383
4638,16383
4639,16383
4640,16383
4641,16383
4642,16383
4643,16383
4644,16383
4645,16383
4646,16383
4647,16383
4648,16383
4649,16383
4650,16383
4651,16383
4652,16383
4653,16383
4654,16383
4655,16383
4656,16383
4657,16383
4658,16383
4659,16383
4660,16383
4661,16383
4662,16383
4663,16383
4664,16383
4665,16383
4666,16383
4667,16383
4668,16383
4669,16383
4670,16383
4671,16383
4672,16383
4673,16383
4674,16383
4675,16383
4676,16383
4677,16383
4678,16383
4679,16383
4680,16383
4681,16383
4682,16383
4683,16383
4684,16383
4685,16383
4686,16383
4687,16383
4688,16383
4689,16383
4690,16383
4691,16383
4692,16383
4693,16383
4694,16383
4695,16383
4696,16383
4697,16383
4698,16383
4699,16383
4700,16383
4701,16383
4702,16383
4703,16383
4704,16383
4705,16383
4706,16383
4707,16383
4708,16383
4709,16383
4710,16383
4711,16383
4712,16383
4713,16383
4714,16383
4715,16383
4716,16383
4717,16383
4718,16383
4719,16383
4720,16383
4721,16383
4722,16383
4723,16383
4724,16383
4725,16383
4726,16383
4727,16383
4728,16383
4729,16383
4730,16383
4731,16383
4732,16383
4733,16383
4734,16383
4735,16383
4736,16383
4737,16383
4738,16383
4739,16383
4740,16383
4741,16383
4742,16383
4743,16383
4744,16383
4745,16383
4746,16383
4747,16383
4748,16383
4749,16383
4750,16383
4751,16383
4752,16383
4753,16383
4754,16383
4755,16383
4756,16383
4757,16383
4758,16383
4759,16383
4760,16383
4761,16383
4762,16383
4763,16383
4764,16383
4765,16383
4766,16383
4767,16383
4768,16383
4769,16383
4770,16383
4771,16383
4772,16383
4773,16383
4774,16383
4775,16383
4776,16383
4777,16383
4778,16383
4779,16383
4780,16383
4781,16383
4782,16383
4783,16383
4784,16383
4785,16383
4786,16383
4787,16383
4788,16383
4789,16383
4790,16383
4791,16383
4792,16383
4793,16383
4794,16383
4795,16383
4796,16383
4797,16383
4798,16383
4799,16383
4800,16383
4801,16383
4802,16383
4803,16383
4804,16383
4805,16383
4806,16383
4807,16383
4808,16383
4809,16383
4810,16383
4811,16383
4812,16383
4813,16383
4814,16383
4815,16383
4816,16383
4817,16383
4818,16383
4819,16383
4820,16383
4821,16383
4822,16383
4823,16383
4824,16383
4825,16383
4826,16383
4827,16383
4828,16383
4829,16383
4830,16383
4831,16383
4832,16383
4833,16383
4834,16383
4835,16383
4836,16383
4837,16383
4838,16383
4839,16383
4840,16383
4841,16383
4842,16383
4843,16383
4844,16383
4845,16383
4846,16383
4847,16383
4848,16383
4849,16383
4850,16383
4851,16383
4852,16383
4853,16383
4854,16383
4855,16383
4856,16383
4857,16383
4858,16383
4859,16383
4860,16383
4861,16383
4862,16383
4863,16383
4864,16383
4865,0
4866,0
4867,0
4868,0
4869,0
4870,0
4871,0
4872,0
4873,0
4874,0
4875,0
4876,0
4877,0
4878,0
4879,0
4880,0
4881,0
4882,0
4883,0
4884,0
4885,0
4886,0
4887,0
4888,0
4889,0
4890,0
4891,0
4892,0
4893,0
4894,0
4895,0
4896,0
4897,0
4898,0
4899,0
4900,0
4901,0
4902,0
4903,0
4904,0
4905,0
4906,0
4907,0
4908,0
4909,0
4910,0
4911,0
4912,0
4913,0
4914,0
4915,0
4916,0
4917,0
4918,0
4919,0
4920,0
4921,0
4922,0
4923,0
4924,0
4925,0
4926,0
4927,0
4928,0
4929,0
4930,0
4931,0
4932,0
4933,0
4934,0
4935,0
4936,0
4937,0
4938,0
4939,0
4940,0
4941,0
4942,0
4943,0
4944,0
4945,0
4946,0
4947,0
4948,0
4949,0
4950,0
4951,0
4952,0
4953,0
4954,0
4955,0
4956,0
4957,0
4958,0
4959,0
4960,0
4961,0
4962,0
4963,0
4964,0
4965,0
4966,0
4967,0
4968,0
4969,0
4970,0
4971,0
4972,0
4973,0
4974,0
4975,0
4976,0
4977,0
4978,0
4979,0
4980,0
4981,0
4982,0
4983,0
4984,0
4985,0
4986,0
4987,0
4988,0
4989,0
4990,0
4991,0
4992,0
4993,0
4994,0
4995,0
4996,0
4997,0
4998,0
4999,0
5000,0
5001,0
5002,0
5003,0
5004,0
5005,0
5006,0
5007,0
5008,0
5009,0
5010,0
5011,0
5012,0
5013,0
5014,0
5015,0
5016,0
5017,0
5018,0
5019,0
5020,0
5021,0
5022,0
5023,0
5024,0
5025,0
5026,0
5027,0
5028,0
5029,0
5030,0
5031,0
5032,0
5033,0
5034,0
5035,0
5036,0
5037,0
5038,0
5039,0
5040,0
5041,0
5042,0
5043,0
5044,0
5045,0
5046,0
5047,0
5048,0
5049,0
5050,0
5051,0
5052,0
5053,0
5054,0
5055,0
5056,0
5057,0
5058,0
5059,0
5060,0
5061,0
5062,0
5063,0
5064,0
5065,0
5066,0
5067,0
5068,0
5069,0
5070,0
5071,0
5072,0
5073,0
5074,0
5075,0
5076,0
5077,0
5078,0
5079,0
5080,0
5081,0
5082,0
5083,0
5084,0
5085,0
5086,0
5087,0
5088,0
5089,0
5090,0
5091,0
5092,0
5093,0
5094,0
5095,0
5096,0
5097,0
5098,0
5099,0
5100,0
5101,0
5102,0
5103,0
5104,0
5105,0
5106,0
5107,0
5108,0
5109,0
5110,0
5111,0
5112,0
5113,0
5114,0
5115,0
5116,0
5117,0
5118,0
5119,0
5120,0
5121,0
5122,0
5123,0
5124,0
5125,0
5126,0
5127,0
5128,0
5129,0
5130,0
5131,0
5132,0
5133,0
5134,0
5135,0
5136,0
5137,0
5138,0
5139,0
5140,0
5141,0
5142,0
5143,0
5144,0
5145,0
5146,0
5147,0
5148,0
5149,0
5150,0
5151,0
5152,0
5153,0
5154,0
5155,0
5156,0
5157,0
5158,0
5159,0
5160,0
5161,0
5162,0
5163,0
5164,0
5165,0
5166,0
5167,0
5168,0
5169,0
5170,0
5171,0
5172,0
5173,0
5174,0
5175,0
5176,0
5177,0
5178,0
5179,0
5180,0
5181,0
5182,0
5183,0
5184,0
5185,0
5186,0
5187,0
5188,0
5189,0
5190,0
5191,0
5192,0
5193,0
5194,0
5195,0
5196,0
5197,0
5198,0
5199,0
5200,0
5201,0
5202,0
5203,0
5204,0
5205,0
5206,0
5207,0
5208,0
5209,0
5210,0
5211,0
5212,0
5213,0
5214,0
5215,0
5216,0
5217,0
5218,0
5219,0
5220,0
5221,0
5222,0
5223,0
5224,0
5225,0
5226,0
5227,0
5228,0
5229,0
5230,0
5231,0
5232,0
5233,0
5234,0
5235,0
5236,0
5237,0
5238,0
5239,0
5240,0
5241,0
5242,0
5243,0
5244,0
5245,0
5246,0
5247,0
5248,0
5249,0
5250,0
5251,0
5252,0
5253,0
5254,0
5255,0
5256,0
5257,0
5258,0
5259,0
5260,0
5261,0
5262,0
5263,0
5264,0
5265,0
5266,0
5267,0
5268,0
5269,0
5270,0
5271,0
5272,0
5273,0
5274,0
5275,0
5276,0
5277,0
5278,0
5279,0
5280,0
5281,0
5282,0
5283,0
5284,0
5285,0
5286,0
5287,0
5288,0
5289,0
5290,0
5291,0
5292,0
5293,0
5294,0
5295,0
5296,0
5297,0
5298,0
5299,0
5300,0
5301,0
5302,0
5303,0
5304,0
5305,0
5306,0
5307,0
5308,0
5309,0
5310,0
5311,0
5312,0
5313,0
5314,0
5315,0
5316,0
5317,0
5318,0
5319,0
5320,0
5321,0
5322,0
5323,0
5324,0
5325,0
5326,0
5327,0
5328,0
5329,0
5330,0
5331,0
5332,0
5333,0
5334,0
5335,0
5336,0
5337,0
5338,0
5339,0
5340,0
5341,0
5342,0
5343,0
5344,0
5345,0
5346,0
5347,0
5348,0
5349,0
5350,0
5351,0
5352,0
5353,0
5354,0
5355,0
5356,0
5357,0
5358,0
5359,0
5360,0
5361,0
5362,0
5363,0
5364,0
5365,0
5366,0
5367,0
5368,0
5369,0
5370,0
5371,0
5372,0
5373,0
5374,0
5375,0
5376,0
5377,16383
5378,16383
5379,16383
5380,16383
5381,16383
5382,16383
5383,16383
5384,16383
5385,16383
5386,16383
5387,16383
5388,16383
5389,16383
5390,16383
5391,16383
5392,16383
5393,16383
5394,16383
5395,16383
5396,16383
5397,16383
5398,16383
5399,16383
5400,16383
5401,16383
5402,16383
5403,16383
5404,16383
5405,16383
5406,16383
5407,16383
5408,16383
5409,16383
5410,16383
5411,16383
5412,16383
5413,16383
5414,16383
5415,16383
5416,16383
5417,16383
5418,16383
5419,16383
5420,16383
5421,16383
5422,16383
5423,16383
5424,16383
5425,16383
5426,16383
5427,16383
5428,16383
5429,16383
5430,16383
5431,16383
5432,16383
5433,16383
5434,16383
5435,16383
5436,16383
5437,16383
5438,16383
5439,16383
5440,16383
5441,16383
5442,16383
5443,16383
5444,16383
5445,16383
5446,16383
5447,16383
5448,16383
5449,16383
5450,16383
5451,16383
5452,16383
5453,16383
5454,16383
5455,16383
5456,16383
5457,16383
5458,16383
5459,16383
5460,16383
5461,16383
5462,16383
5463,16383
5464,16383
5465,16383
5466,16383
5467,16383
5468,16383
5469,16383
5470,16383
5471,16383
5472,16383
5473,16383
5474,16383
5475,16383
5476,16383
5477,16383
5478,16383
5479,16383
5480,16383
5481,16383
5482,16383
5483,16383
5484,16383
5485,16383
5486,16383
5487,16383
5488,16383
5489,16383
5490,16383
5491,16383
5492,16383
5493,16383
5494,16383
5495,16383
5496,16383
5497,16383
5498,16383
5499,16383
5500,16383
5501,16383
5502,16383
5503,16383
5504,16383
5505,16383
5506,16383
5507,16383
5508,16383
5509,16383
5510,16383
5511,16383
5512,16383
5513,16383
5514,16383
5515,16383
5516,16383
5517,16383
5518,16383
5519,16383
5520,16383
5521,16383
5522,16383
5523,16383
5524,16383
5525,16383
5526,16383
5527,16383
5528,16383
5529,16383
5530,16383
5531,16383
5532,16383
5533,16383
5534,16383
5535,16383
5536,16383
5537,16383
5538,16383
5539,16383
5540,16383
5541,16383
5542,16383
5543,16383
5544,16383
5545,16383
5546,16383
5547,16383
5548,16383
5549,16383
5550,16383
5551,16383
5552,16383
5553,16383
5554,16383
5555,16383
5556,16383
5557,16383
5558,16383
5559,16383
5560,16383
5561,16383
5562,16383
5563,16383
5564,16383
5565,16383
5566,16383
5567,16383
5568,16383
5569,16383
5570,16383
5571,16383
5572,16383
5573,16383
5574,16383
5575,16383
5576,16383
5577,16383
5578,16383
5579,16383
5580,16383
5581,16383
5582,16383
5583,16383
5584,16383
5585,16383
5586,16383
5587,16383
5588,16383
5589,16383
5590,16383
5591,16383
5592,16383
5593,16383
5594,16383
5595,16383
5596,16383
5597,16383
5598,16383
5599,16383
5600,16383
5601,16383
5602,16383
5603,16383
5604,16383
5605,16383
5606,16383
5607,16383
5608,16383
5609,16383
5610,16383
5611,16383
5612,16383
5613,16383
5614,16383
5615,16383
5616,16383
5617,16383
5618,16383
5619,16383
5620,16383
5621,16383
5622,16383
5623,16383
5624,16383
5625,16383
5626,16383
5627,16383
5628,16383
5629,16383
5630,16383
5631,16383
5632,16383
5633,16383
5634,16383
5635,16383
5636,16383
5637,16383
5638,16383
5639,16383
5640,16383
5641,16383
5642,16383
5643,16383
5644,16383
5645,16383
5646,16383
5647,16383
5648,16383
5649,16383
5650,16383
5651,16383
5652,16383
5653,16383
5654,16383
5655,16383
5656,16383
5657,16383
5658,16383
5659,16383
5660,16383
5661,16383
5662,16383
5663,16383
5664,16383
5665,16383
5666,16383
5667,16383
5668,16383
5669,16383
5670,16383
5671,16383
5672,16383
5673,16383
5674,16383
5675,16383
5676,16383
5677,16383
5678,16383
5679,16383
5680,16383
5681,16383
5682,16383
5683,16383
5684,16383
5685,16383
5686,16383
5687,16383
5688,16383
5689,16383
5690,16383
5691,16383
5692,16383
5693,16383
5694,16383
5695,16383
5696,16383
5697,16383
5698,16383
5699,16383
5700,16383
5701,16383
5702,16383
5703,16383
5704,16383
5705,16383
5706,16383
5707,16383
5708,16383
5709,16383
5710,16383
5711,16383
5712,16383
5713,16383
5714,16383
5715,16383
5716,16383
5717,16383
5718,16383
5719,16383
5720,16383
5721,16383
5722,16383
5723,16383
5724,16383
5725,16383
5726,16383
5727,16383
5728,16383
5729,16383
5730,16383
5731,16383
5732,16383
5733,16383
5734,16383
5735,16383
5736,16383
5737,16383
5738,16383
5739,16383
5740,16383
5741,16383
5742,16383
5743,16383
5744,16383
5745,16383
5746,16383
5747,16383
5748,16383
5749,16383
5750,16383
5751,16383
5752,16383
5753,16383
5754,16383
5755,16383
5756,16383
5757,16383
5758,16383
5759,16383
5760,16383
5761,16383
5762,16383
5763,16383
5764,16383
5765,16383
5766,16383
5767,16383
5768,16383
5769,16383
5770,16383
5771,16383
5772,16383
5773,16383
5774,16383
5775,16383
5776,16383
5777,16383
5778,16383
5779,16383
5780,16383
5781,16383
5782,16383
5783,16383
5784,16383
5785,16383
5786,16383
5787,16383
5788,16383
5789,16383
5790,16383
5791,16383
5792,16383
5793,16383
5794,16383
5795,16383
5796,16383
5797,16383
5798,16383
5799,16383
5800,16383
5801,16383
5802,16383
5803,16383
5804,16383
5805,16383
5806,16383
5807,16383
5808,16383
5809,16383
5810,16383
5811,16383
5812,16383
5813,16383
5814,16383
5815,16383
5816,16383
5817,16383
5818,16383
5819,16383
5820,16383
5821,16383
5822,16383
5823,16383
5824,16383
5825,16383
5826,16383
5827,16383
5828,16383
5829,16383
5830,16383
5831,16383
5832,16383
5833,16383
5834,16383
5835,16383
5836,16383
5837,16383
5838,16383
5839,16383
5840,16383
5841,16383
5842,16383
5843,16383
5844,16383
5845,16383
5846,16383
5847,16383
5848,16383
5849,16383
5850,16383
5851,16383
5852,16383
5853,16383
5854,16383
5855,16383
5856,16383
5857,16383
5858,16383
5859,16383
5860,16383
5861,16383
5862,16383
5863,16383
5864,16383
5865,16383
5866,16383
5867,16383
5868,16383
5869,16383
5870,16383
5871,16383
5872,16383
5873,16383
5874,16383
5875,16383
5876,16383
5877,16383
5878,16383
5879,16383
5880,16383
5881,16383
5882,16383
5883,16383
5884,16383
5885,16383
5886,16383
5887,16383
5888,16383
5889,0
5890,0
5891,0
5892,0
5893,0
5894,0
5895,0
5896,0
5897,0
5898,0
5899,0
5900,0
5901,0
5902,0
5903,0
5904,0
5905,0
5906,0
5907,0
5908,0
5909,0
5910,0
5911,0
5912,0
5913,0
5914,0
5915,0
5916,0
5917,0
5918,0
5919,0
5920,0
5921,0
5922,0
5923,0
5924,0
5925,0
5926,0
5927,0
5928,0
5929,0
5930,0
5931,0
5932,0
5933,0
5934,0
5935,0
5936,0
5937,0
5938,0
5939,0
5940,0
5941,0
5942,0
5943,0
5944,0
5945,0
5946,0
5947,0
5948,0
5949,0
5950,0
5951,0
5952,0
5953,0
5954,0
5955,0
5956,0
5957,0
5958,0
5959,0
5960,0
5961,0
5962,0
5963,0
5964,0
5965,0
5966,0
5967,0
5968,0
5969,0
5970,0
5971,0
5972,0
5973,0
5974,0
5975,0
5976,0
5977,0
5978,0
5979,0
5980,0
5981,0
5982,0
5983,0
5984,0
5985,0
5986,0
5987,0
5988,0
5989,0
5990,0
5991,0
5992,0
5993,0
5994,0
5995,0
5996,0
5997,0
5998,0
5999,0
6000,0
6001,0
6002,0
6003,0
6004,0
6005,0
6006,0
6007,0
6008,0
6009,0
6010,0
6011,0
6012,0
6013,0
6014,0
6015,0
6016,0
6017,0
6018,0
6019,0
6020,0
6021,0
6022,0
6023,0
6024,0
6025,0
6026,0
6027,0
6028,0
6029,0
6030,0
6031,0
6032,0
6033,0
6034,0
6035,0
6036,0
6037,0
6038,0
6039,0
6040,0
6041,0
6042,0
6043,0
6044,0
6045,0
6046,0
6047,0
6048,0
6049,0
6050,0
6051,0
6052,0
6053,0
6054,0
6055,0
6056,0
6057,0
6058,0
6059,0
6060,0
6061,0
6062,0
6063,0
6064,0
6065,0
6066,0
6067,0
6068,0
6069,0
6070,0
6071,0
6072,0
6073,0
6074,0
6075,0
6076,0
6077,0
6078,0
6079,0
6080,0
6081,0
6082,0
6083,0
6084,0
6085,0
6086,0
6087,0
6088,0
6089,0
6090,0
6091,0
6092,0
6093,0
6094,0
6095,0
6096,0
6097,0
6098,0
6099,0
6100,0
6101,0
6102,0
6103,0
6104,0
6105,0
6106,0
6107,0
6108,0
6109,0
6110,0
6111,0
6112,0
6113,0
6114,0
6115,0
6116,0
6117,0
6118,0
6119,0
6120,0
6121,0
6122,0
6123,0
6124,0
6125,0
6126,0
6127,0
6128,0
6129,0
6130,0
6131,0
6132,0
6133,0
6134,0
6135,0
6136,0
6137,0
6138,0
6139,0
6140,0
6141,0
6142,0
6143,0
6144,0
6145,0
6146,0
6147,0
6148,0
6149,0
6150,0
6151,0
6152,0
6153,0
6154,0
6155,0
6156,0
6157,0
6158,0
6159,0
6160,0
6161,0
6162,0
6163,0
6164,0
6165,0
6166,0
6167,0
6168,0
6169,0
6170,0
6171,0
6172,0
6173,0
6174,0
6175,0
6176,0
6177,0
6178,0
6179,0
6180,0
6181,0
6182,0
6183,0
6184,0
6185,0
6186,0
6187,0
6188,0
6189,0
6190,0
6191,0
6192,0
6193,0
6194,0
6195,0
6196,0
6197,0
6198,0
6199,0
6200,0
6201,0
6202,0
6203,0
6204,0
6205,0
6206,0
6207,0
6208,0
6209,0
6210,0
6211,0
6212,0
6213,0
6214,0
6215,0
6216,0
6217,0
6218,0
6219,0
6220,0
6221,0
6222,0
6223,0
6224,0
6225,0
6226,0
6227,0
6228,0
6229,0
6230,0
6231,0
6232,0
6233,0
6234,0
6235,0
6236,0
6237,0
6238,0
6239,0
6240,0
6241,0
6242,0
6243,0
6244,0
6245,0
6246,0
6247,0
6248,0
6249,0
6250,0
6251,0
6252,0
6253,0
6254,0
6255,0
6256,0
6257,0
6258,0
6259,0
6260,0
6261,0
6262,0
6263,0
6264,0
6265,0
6266,0
6267,0
6268,0
6269,0
6270,0
6271,0
6272,0
6273,0
6274,0
6275,0
6276,0
6277,0
6278,0
6279,0
6280,0
6281,0
6282,0
6283,0
6284,0
6285,0
6286,0
6287,0
6288,0
6289,0
6290,0
6291,0
6292,0
6293,0
6294,0
6295,0
6296,0
6297,0
6298,0
6299,0
6300,0
6301,0
6302,0
6303,0
6304,0
6305,0
6306,0
6307,0
6308,0
6309,0
6310,0
6311,0
6312,0
6313,0
6314,0
6315,0
6316,0
6317,0
6318,0
6319,0
6320,0
6321,0
6322,0
6323,0
6324,0
6325,0
6326,0
6327,0
6328,0
6329,0
6330,0
6331,0
6332,0
6333,0
6334,0
6335,0
6336,0
6337,0
6338,0
6339,0
6340,0
6341,0
6342,0
6343,0
6344,0
6345,0
6346,0
6347,0
6348,0
6349,0
6350,0
6351,0
6352,0
6353,0
6354,0
6355,0
6356,0
6357,0
6358,0
6359,0
6360,0
6361,0
6362,0
6363,0
6364,0
6365,0
6366,0
6367,0
6368,0
6369,0
6370,0
6371,0
6372,0
6373,0
6374,0
6375,0
6376,0
6377,0
6378,0
6379,0
6380,0
6381,0
6382,0
6383,0
6384,0
6385,0
6386,0
6387,0
6388,0
6389,0
6390,0
6391,0
6392,0
6393,0
6394,0
6395,0
6396,0
6397,0
6398,0
6399,0
6400,0
6401,0
6402,0
6403,0
6404,0
6405,0
6406,0
6407,0
6408,0
6409,0
6410,0
6411,0
6412,0
6413,0
6414,0
6415,0
6416,0
6417,0
6418,0
6419,0
6420,0
6421,0
6422,0
6423,0
6424,0
6425,0
6426,0
6427,0
6428,0
6429,0
6430,0
6431,0
6432,0
6433,0
6434,0
6435,0
6436,0
6437,0
6438,0
6439,0
6440,0
6441,0
6442,0
6443,0
6444,0
6445,0
6446,0
6447,0
6448,0
6449,0
6450,0
6451,0
6452,0
6453,0
6454,0
6455,0
6456,0
6457,0
6458,0
6459,0
6460,0
6461,0
6462,0
6463,0
6464,0
6465,0
6466,0
6467,0
6468,0
6469,0
6470,0
6471,0
6472,0
6473,0
6474,0
6475,0
6476,0
6477,0
6478,0
6479,0
6480,0
6481,0
6482,0
6483,0
6484,0
6485,0
6486,0
6487,0
6488,0
6489,0
6490,0
6491,0
6492,0
6493,0
6494,0
6495,0
6496,0
6497,0
6498,0
6499,0
6500,0
6501,0
6502,0
6503,0
6504,0
6505,0
6506,0
6507,0
6508,0
6509,0
6510,0
6511,0
6512,0
6513,0
6514,0
6515,0
6516,0
6517,0
6518,0
6519,0
6520,0
6521,0
6522,0
6523,0
6524,0
6525,0
6526,0
6527,0
6528,0
6529,0
6530,0
6531,0
6532,0
6533,0
6534,0
6535,0
6536,0
6537,0
6538,0
6539,0
6540,0
6541,0
6542,0
6543,0
6544,0
6545,0
6546,0
6547,0
6548,0
6549,0
6550,0
6551,0
6552,0
6553,0
6554,0
6555,0
6556,0
6557,0
6558,0
6559,0
6560,0
6561,0
6562,0
6563,0
6564,0
6565,0
6566,0
6567,0
6568,0
6569,0
6570,0
6571,0
6572,0
6573,0
6574,0
6575,0
6576,0
6577,0
6578,0
6579,0
6580,0
6581,0
6582,0
6583,0
6584,0
6585,0
6586,0
6587,0
6588,0
6589,0
6590,0
6591,0
6592,0
6593,0
6594,0
6595,0
6596,0
6597,0
6598,0
6599,0
6600,0
6601,0
6602,0
6603,0
6604,0
6605,0
6606,0
6607,0
6608,0
6609,0
6610,0
6611,0
6612,0
6613,0
6614,0
6615,0
6616,0
6617,0
6618,0
6619,0
6620,0
6621,0
6622,0
6623,0
6624,0
6625,0
6626,0
6627,0
6628,0
6629,0
6630,0
6631,0
6632,0
6633,0
6634,0
6635,0
6636,0
6637,0
6638,0
6639,0
6640,0
6641,0
6642,0
6643,0
6644,0
6645,0
6646,0
6647,0
6648,0
6649,0
6650,0
6651,0
6652,0
6653,0
6654,0
6655,0
6656,0
6657,0
6658,0
6659,0
6660,0
6661,0
6662,0
6663,0
6664,0
6665,0
6666,0
6667,0
6668,0
6669,0
6670,0
6671,0
6672,0
6673,0
6674,0
6675,0
6676,0
6677,0
6678,0
6679,0
6680,0
6681,0
6682,0
6683,0
6684,0
6685,0
6686,0
6687,0
6688,0
6689,0
6690,0
6691,0
6692,0
6693,0
6694,0
6695,0
6696,0
6697,0
6698,0
6699,0
6700,0
6701,0
6702,0
6703,0
6704,0
6705,0
6706,0
6707,0
6708,0
6709,0
6710,0
6711,0
6712,0
6713,0
6714,0
6715,0
6716,0
6717,0
6718,0
6719,0
6720,0
6721,0
6722,0
6723,0
6724,0
6725,0
6726,0
6727,0
6728,0
6729,0
6730,0
6731,0
6732,0
6733,0
6734,0
6735,0
6736,0
6737,0
6738,0
6739,0
6740,0
6741,0
6742,0
6743,0
6744,0
6745,0
6746,0
6747,0
6748,0
6749,0
6750,0
6751,0
6752,0
6753,0
6754,0
6755,0
6756,0
6757,0
6758,0
6759,0
6760,0
6761,0
6762,0
6763,0
6764,0
6765,0
6766,0
6767,0
6768,0
6769,0
6770,0
6771,0
6772,0
6773,0
6774,0
6775,0
6776,0
6777,0
6778,0
6779,0
6780,0
6781,0
6782,0
6783,0
6784,0
6785,0
6786,0
6787,0
6788,0
6789,0
6790,0
6791,0
6792,0
6793,0
6794,0
6795,0
6796,0
6797,0
6798,0
6799,0
6800,0
6801,0
6802,0
6803,0
6804,0
6805,0
6806,0
6807,0
6808,0
6809,0
6810,0
6811,0
6812,0
6813,0
6814,0
6815,0
6816,0
6817,0
6818,0
6819,0
6820,0
6821,0
6822,0
6823,0
6824,0
6825,0
6826,0
6827,0
6828,0
6829,0
6830,0
6831,0
6832,0
6833,0
6834,0
6835,0
6836,0
6837,0
6838,0
6839,0
6840,0
6841,0
6842,0
6843,0
6844,0
6845,0
6846,0
6847,0
6848,0
6849,0
6850,0
6851,0
6852,0
6853,0
6854,0
6855,0
6856,0
6857,0
6858,0
6859,0
6860,0
6861,0
6862,0
6863,0
6864,0
6865,0
6866,0
6867,0
6868,0
6869,0
6870,0
6871,0
6872,0
6873,0
6874,0
6875,0
6876,0
6877,0
6878,0
6879,0
6880,0
6881,0
6882,0
6883,0
6884,0
6885,0
6886,0
6887,0
6888,0
6889,0
6890,0
6891,0
6892,0
6893,0
6894,0
6895,0
6896,0
6897,0
6898,0
6899,0
6900,0
6901,0
6902,0
6903,0
6904,0
6905,0
6906,0
6907,0
6908,0
6909,0
6910,0
6911,0
6912,0
6913,0
6914,0
6915,0
6916,0
6917,0
6918,0
6919,0
6920,0
6921,0
6922,0
6923,0
6924,0
6925,0
6926,0
6927,0
6928,0
6929,0
6930,0
6931,0
6932,0
6933,0
6934,0
6935,0
6936,0
6937,0
6938,0
6939,0
6940,0
6941,0
6942,0
6943,0
6944,0
6945,0
6946,0
6947,0
6948,0
6949,0
6950,0
6951,0
6952,0
6953,0
6954,0
6955,0
6956,0
6957,0
6958,0
6959,0
6960,0
6961,0
6962,0
6963,0
6964,0
6965,0
6966,0
6967,0
6968,0
6969,0
6970,0
6971,0
6972,0
6973,0
6974,0
6975,0
6976,0
6977,0
6978,0
6979,0
6980,0
6981,0
6982,0
6983,0
6984,0
6985,0
6986,0
6987,0
6988,0
6989,0
6990,0
6991,0
6992,0
6993,0
6994,0
6995,0
6996,0
6997,0
6998,0
6999,0
7000,0
7001,0
7002,0
7003,0
7004,0
7005,0
7006,0
7007,0
7008,0
7009,0
7010,0
7011,0
7012,0
7013,0
7014,0
7015,0
7016,0
7017,0
7018,0
7019,0
7020,0
7021,0
7022,0
7023,0
7024,0
7025,0
7026,0
7027,0
7028,0
7029,0
7030,0
7031,0
7032,0
7033,0
7034,0
7035,0
7036,0
7037,0
7038,0
7039,0
7040,0
7041,0
7042,0
7043,0
7044,0
7045,0
7046,0
7047,0
7048,0
7049,0
7050,0
7051,0
7052,0
7053,0
7054,0
7055,0
7056,0
7057,0
7058,0
7059,0
7060,0
7061,0
7062,0
7063,0
7064,0
7065,0
7066,0
7067,0
7068,0
7069,0
7070,0
7071,0
7072,0
7073,0
7074,0
7075,0
7076,0
7077,0
7078,0
7079,0
7080,0
7081,0
7082,0
7083,0
7084,0
7085,0
7086,0
7087,0
7088,0
7089,0
7090,0
7091,0
7092,0
7093,0
7094,0
7095,0
7096,0
7097,0
7098,0
7099,0
7100,0
7101,0
7102,0
7103,0
7104,0
7105,0
7106,0
7107,0
7108,0
7109,0
7110,0
7111,0
7112,0
7113,0
7114,0
7115,0
7116,0
7117,0
7118,0
7119,0
7120,0
7121,0
7122,0
7123,0
7124,0
7125,0
7126,0
7127,0
7128,0
7129,0
7130,0
7131,0
7132,0
7133,0
7134,0
7135,0
7136,0
7137,0
7138,0
7139,0
7140,0
7141,0
7142,0
7143,0
7144,0
7145,0
7146,0
7147,0
7148,0
7149,0
7150,0
7151,0
7152,0
7153,0
7154,0
7155,0
7156,0
7157,0
7158,0
7159,0
7160,0
7161,0
7162,0
7163,0
7164,0
7165,0
7166,0
7167,0
7168,0
7169,0
7170,0
7171,0
7172,0
7173,0
7174,0
7175,0
7176,0
7177,0
7178,0
7179,0
7180,0
7181,0
7182,0
7183,0
7184,0
7185,0
7186,0
7187,0
7188,0
7189,0
7190,0
7191,0
7192,0
7193,0
7194,0
7195,0
7196,0
7197,0
7198,0
7199,0
7200,0
7201,0
7202,0
7203,0
7204,0
7205,0
7206,0
7207,0
7208,0
7209,0
7210,0
7211,0
7212,0
7213,0
7214,0
7215,0
7216,0
7217,0
7218,0
7219,0
7220,0
7221,0
7222,0
7223,0
7224,0
7225,0
7226,0
7227,0
7228,0
7229,0
7230,0
7231,0
7232,0
7233,0
7234,0
7235,0
7236,0
7237,0
7238,0
7239,0
7240,0
7241,0
7242,0
7243,0
7244,0
7245,0
7246,0
7247,0
7248,0
7249,0
7250,0
7251,0
7252,0
7253,0
7254,0
7255,0
7256,0
7257,0
7258,0
7259,0
7260,0
7261,0
7262,0
7263,0
7264,0
7265,0
7266,0
7267,0
7268,0
7269,0
7270,0
7271,0
7272,0
7273,0
7274,0
7275,0
7276,0
7277,0
7278,0
7279,0
7280,0
7281,0
7282,0
7283,0
7284,0
7285,0
7286,0
7287,0
7288,0
7289,0
7290,0
7291,0
7292,0
7293,0
7294,0
7295,0
7296,0
7297,0
7298,0
7299,0
7300,0
7301,0
7302,0
7303,0
7304,0
7305,0
7306,0
7307,0
7308,0
7309,0
7310,0
7311,0
7312,0
7313,0
7314,0
7315,0
7316,0
7317,0
7318,0
7319,0
7320,0
7321,0
7322,0
7323,0
7324,0
7325,0
7326,0
7327,0
7328,0
7329,0
7330,0
7331,0
7332,0
7333,0
7334,0
7335,0
7336,0
7337,0
7338,0
7339,0
7340,0
7341,0
7342,0
7343,0
7344,0
7345,0
7346,0
7347,0
7348,0
7349,0
7350,0
7351,0
7352,0
7353,0
7354,0
7355,0
7356,0
7357,0
7358,0
7359,0
7360,0
7361,0
7362,0
7363,0
7364,0
7365,0
7366,0
7367,0
7368,0
7369,0
7370,0
7371,0
7372,0
7373,0
7374,0
7375,0
7376,0
7377,0
7378,0
7379,0
7380,0
7381,0
7382,0
7383,0
7384,0
7385,0
7386,0
7387,0
7388,0
7389,0
7390,0
7391,0
7392,0
7393,0
7394,0
7395,0
7396,0
7397,0
7398,0
7399,0
7400,0
7401,0
7402,0
7403,0
7404,0
7405,0
7406,0
7407,0
7408,0
7409,0
7410,0
7411,0
7412,0
7413,0
7414,0
7415,0
7416,0
7417,0
7418,0
7419,0
7420,0
7421,0
7422,0
7423,0
7424,0
7425,0
7426,0
7427,0
7428,0
7429,0
7430,0
7431,0
7432,0
7433,0
7434,0
7435,0
7436,0
7437,0
7438,0
7439,0
7440,0
7441,0
7442,0
7443,0
7444,0
7445,0
7446,0
7447,0
7448,0
7449,0
7450,0
7451,0
7452,0
7453,0
7454,0
7455,0
7456,0
7457,0
7458,0
7459,0
7460,0
7461,0
7462,0
7463,0
7464,0
7465,0
7466,0
7467,0
7468,0
7469,0
7470,0
7471,0
7472,0
7473,0
7474,0
7475,0
7476,0
7477,0
7478,0
7479,0
7480,0
7481,0
7482,0
7483,0
7484,0
7485,0
7486,0
7487,0
7488,0
7489,0
7490,0
7491,0
7492,0
7493,0
7494,0
7495,0
7496,0
7497,0
7498,0
7499,0
7500,0
7501,0
7502,0
7503,0
7504,0
7505,0
7506,0
7507,0
7508,0
7509,0
7510,0
7511,0
7512,0
7513,0
7514,0
7515,0
7516,0
7517,0
7518,0
7519,0
7520,0
7521,0
7522,0
7523,0
7524,0
7525,0
7526,0
7527,0
7528,0
7529,0
7530,0
7531,0
7532,0
7533,0
7534,0
7535,0
7536,0
7537,0
7538,0
7539,0
7540,0
7541,0
7542,0
7543,0
7544,0
7545,0
7546,0
7547,0
7548,0
7549,0
7550,0
7551,0
7552,0
7553,0
7554,0
7555,0
7556,0
7557,0
7558,0
7559,0
7560,0
7561,0
7562,0
7563,0
7564,0
7565,0
7566,0
7567,0
7568,0
7569,0
7570,0
7571,0
7572,0
7573,0
7574,0
7575,0
7576,0
7577,0
7578,0
7579,0
7580,0
7581,0
7582,0
7583,0
7584,0
7585,0
7586,0
7587,0
7588,0
7589,0
7590,0
7591,0
7592,0
7593,0
7594,0
7595,0
7596,0
7597,0
7598,0
7599,0
7600,0
7601,0
7602,0
7603,0
7604,0
7605,0
7606,0
7607,0
7608,0
7609,0
7610,0
7611,0
7612,0
7613,0
7614,0
7615,0
7616,0
7617,0
7618,0
7619,0
7620,0
7621,0
7622,0
7623,0
7624,0
7625,0
7626,0
7627,0
7628,0
7629,0
7630,0
7631,0
7632,0
7633,0
7634,0
7635,0
7636,0
7637,0
7638,0
7639,0
7640,0
7641,0
7642,0
7643,0
7644,0
7645,0
7646,0
7647,0
7648,0
7649,0
7650,0
7651,0
7652,0
7653,0
7654,0
7655,0
7656,0
7657,0
7658,0
7659,0
7660,0
7661,0
7662,0
7663,0
7664,0
7665,0
7666,0
7667,0
7668,0
7669,0
7670,0
7671,0
7672,0
7673,0
7674,0
7675,0
7676,0
7677,0
7678,0
7679,0
7680,0
7681,0
7682,0
7683,0
7684,0
7685,0
7686,0
7687,0
7688,0
7689,0
7690,0
7691,0
7692,0
7693,0
7694,0
7695,0
7696,0
7697,0
7698,0
7699,0
7700,0
7701,0
7702,0
7703,0
7704,0
7705,0
7706,0
7707,0
7708,0
7709,0
7710,0
7711,0
7712,0
7713,0
7714,0
7715,0
7716,0
7717,0
7718,0
7719,0
7720,0
7721,0
7722,0
7723,0
7724,0
7725,0
7726,0
7727,0
7728,0
7729,0
7730,0
7731,0
7732,0
7733,0
7734,0
7735,0
7736,0
7737,0
7738,0
7739,0
7740,0
7741,0
7742,0
7743,0
7744,0
7745,0
7746,0
7747,0
7748,0
7749,0
7750,0
7751,0
7752,0
7753,0
7754,0
7755,0
7756,0
7757,0
7758,0
7759,0
7760,0
7761,0
7762,0
7763,0
7764,0
7765,0
7766,0
7767,0
7768,0
7769,0
7770,0
7771,0
7772,0
7773,0
7774,0
7775,0
7776,0
7777,0
7778,0
7779,0
7780,0
7781,0
7782,0
7783,0
7784,0
7785,0
7786,0
7787,0
7788,0
7789,0
7790,0
7791,0
7792,0
7793,0
7794,0
7795,0
7796,0
7797,0
7798,0
7799,0
7800,0
7801,0
7802,0
7803,0
7804,0
7805,0
7806,0
7807,0
7808,0
7809,0
7810,0
7811,0
7812,0
7813,0
7814,0
7815,0
7816,0
7817,0
7818,0
7819,0
7820,0
7821,0
7822,0
7823,0
7824,0
7825,0
7826,0
7827,0
7828,0
7829,0
7830,0
7831,0
7832,0
7833,0
7834,0
7835,0
7836,0
7837,0
7838,0
7839,0
7840,0
7841,0
7842,0
7843,0
7844,0
7845,0
7846,0
7847,0
7848,0
7849,0
7850,0
7851,0
7852,0
7853,0
7854,0
7855,0
7856,0
7857,0
7858,0
7859,0
7860,0
7861,0
7862,0
7863,0
7864,0
7865,0
7866,0
7867,0
7868,0
7869,0
7870,0
7871,0
7872,0
7873,0
7874,0
7875,0
7876,0
7877,0
7878,0
7879,0
7880,0
7881,0
7882,0
7883,0
7884,0
7885,0
7886,0
7887,0
7888,0
7889,0
7890,0
7891,0
7892,0
7893,0
7894,0
7895,0
7896,0
7897,0
7898,0
7899,0
7900,0
7901,0
7902,0
7903,0
7904,0
7905,0
7906,0
7907,0
7908,0
7909,0
7910,0
7911,0
7912,0
7913,0
7914,0
7915,0
7916,0
7917,0
7918,0
7919,0
7920,0
7921,0
7922,0
7923,0
7924,0
7925,0
7926,0
7927,0
7928,0
7929,0
7930,0
7931,0
7932,0
7933,0
7934,0
7935,0
7936,0
7937,0
7938,0
7939,0
7940,0
7941,0
7942,0
7943,0
7944,0
7945,0
7946,0
7947,0
7948,0
7949,0
7950,0
7951,0
7952,0
7953,0
7954,0
7955,0
7956,0
7957,0
7958,0
7959,0
7960,0
7961,0
7962,0
7963,0
7964,0
7965,0
7966,0
7967,0
7968,0
7969,0
7970,0
7971,0
7972,0
7973,0
7974,0
7975,0
7976,0
7977,0
7978,0
7979,0
7980,0
7981,0
7982,0
7983,0
7984,0
7985,0
7986,0
7987,0
7988,0
7989,0
7990,0
7991,0
7992,0
7993,0
7994,0
7995,0
7996,0
7997,0
7998,0
7999,0
8000,0
8001,0
8002,0
8003,0
8004,0
8005,0
8006,0
8007,0
8008,0
8009,0
8010,0
8011,0
8012,0
8013,0
8014,0
8015,0
8016,0
8017,0
8018,0
8019,0
8020,0
8021,0
8022,0
8023,0
8024,0
8025,0
8026,0
8027,0
8028,0
8029,0
8030,0
8031,0
8032,0
8033,0
8034,0
8035,0
8036,0
8037,0
8038,0
8039,0
8040,0
8041,0
8042,0
8043,0
8044,0
8045,0
8046,0
8047,0
8048,0
8049,0
8050,0
8051,0
8052,0
8053,0
8054,0
8055,0
8056,0
8057,0
8058,0
8059,0
8060,0
8061,0
8062,0
8063,0
8064,0
8065,0
8066,0
8067,0
8068,0
8069,0
8070,0
8071,0
8072,0
8073,0
8074,0
8075,0
8076,0
8077,0
8078,0
8079,0
8080,0
8081,0
8082,0
8083,0
8084,0
8085,0
8086,0
8087,0
8088,0
8089,0
8090,0
8091,0
8092,0
8093,0
8094,0
8095,0
8096,0
8097,0
8098,0
8099,0
8100,0
8101,0
8102,0
8103,0
8104,0
8105,0
8106,0
8107,0
8108,0
8109,0
8110,0
8111,0
8112,0
8113,0
8114,0
8115,0
8116,0
8117,0
8118,0
8119,0
8120,0
8121,0
8122,0
8123,0
8124,0
8125,0
8126,0
8127,0
8128,0
8129,0
8130,0
8131,0
8132,0
8133,0
8134,0
8135,0
8136,0
8137,0
8138,0
8139,0
8140,0
8141,0
8142,0
8143,0
8144,0
8145,0
8146,0
8147,0
8148,0
8149,0
8150,0
8151,0
8152,0
8153,0
8154,0
8155,0
8156,0
8157,0
8158,0
8159,0
8160,0
8161,0
8162,0
8163,0
8164,0
8165,0
8166,0
8167,0
8168,0
8169,0
8170,0
8171,0
8172,0
8173,0
8174,0
8175,0
8176,0
8177,0
8178,0
8179,0
8180,0
8181,0
8182,0
8183,0
8184,0
8185,0
8186,0
8187,0
8188,0
8189,0
8190,0
8191,0
8192,0
